Customer Key,customer_name,order_count,total_sales,total_profit,avg_discount,total_quantity,unique_subcategories,last_order_date,first_order_date,avg_order_value,recency_days,active_days,profit_margin,cluster
TC-20980,Tamara Chand,2,18437.138000000003,0.0,0.0,7.0,5,2017-02-10,2015-07-11,9218.569000000001,670,580,0.0,1
BM-11140,Becky Martin,3,11432.84,0.0,0.0,15.0,11,2017-04-12,2015-08-09,3810.9466666666667,609,612,0.0,1
SE-20110,Sanjit Engle,5,10402.534000000001,0.0,0.0,12.0,8,2017-11-06,2015-11-04,2080.5068,401,733,0.0,1
KF-16285,Karen Ferguson,4,9536.564,0.0,0.0,10.0,7,2018-11-09,2017-10-03,2384.141,33,402,0.0,1
GT-14635,Grant Thornton,3,9351.212,0.0,0.0,6.0,5,2018-04-11,2015-06-06,3117.0706666666665,245,1040,0.0,1
CJ-12010,Caroline Jumper,4,9166.278,0.0,0.0,12.0,10,2018-01-05,2017-03-12,2291.5695,341,299,0.0,1
ME-17320,Maria Etezadi,5,8866.712,0.0,0.0,15.0,8,2018-12-06,2015-06-01,1773.3424,6,1284,0.0,1
KD-16270,Karen Daniels,5,8282.358,0.0,0.0,16.0,10,2017-04-06,2015-11-11,1656.4716,615,512,0.0,1
DR-12940,Daniel Raglin,4,7426.900000000001,0.0,0.0,9.0,5,2018-11-08,2016-01-09,1856.725,34,1034,0.0,1
AB-10060,Adam Bellavance,4,7354.214,0.0,0.0,12.0,5,2018-07-05,2017-01-09,1838.5535,160,542,0.0,1
KD-16495,Keith Dawkins,5,7279.562,0.0,0.0,16.0,10,2018-09-09,2016-01-12,1455.9124,94,971,0.0,1
NP-18700,Nora Preis,4,7174.7185,0.0,0.0,7.0,4,2017-12-08,2015-05-09,1793.679625,369,944,0.0,1
TS-21370,Todd Sumrall,3,6856.017,0.0,0.0,7.0,6,2018-11-05,2016-11-07,2285.339,37,728,0.0,1
Dp-13240,Dean percer,5,6221.049,0.0,0.0,17.0,9,2018-07-10,2015-11-10,1244.2098,155,973,0.0,1
BH-11710,Brosina Hoffman,5,6011.232,0.0,0.0,17.0,10,2018-07-12,2015-09-06,1202.2464,153,1040,0.0,1
NC-18535,Nick Crebassa,3,5741.405,0.0,0.0,5.0,4,2018-10-11,2018-01-04,1913.8016666666665,62,280,0.0,1
GM-14695,Greg Maxwell,2,5574.272,0.0,0.0,6.0,5,2018-04-09,2015-05-04,2787.136,247,1071,0.0,1
NM-18445,Nathan Mautz,3,5321.484,0.0,0.0,8.0,7,2015-08-04,2015-04-11,1773.8280000000002,1226,115,0.0,1
LW-17215,Luke Weiss,5,5124.192,0.0,0.0,10.0,8,2018-11-04,2015-12-09,1024.8384,38,1061,0.0,1
QJ-19255,Quincy Jones,6,4947.477999999999,0.0,0.0,7.0,6,2018-05-12,2015-01-06,824.5796666666665,214,1222,0.0,1
IL-15100,Ivan Liston,6,4925.599999999999,0.0,0.0,13.0,11,2018-10-08,2015-01-08,820.9333333333333,65,1369,0.0,1
VD-21670,Valerie Dominguez,3,4733.23,0.0,0.0,12.0,8,2016-05-11,2015-04-08,1577.7433333333336,945,399,0.0,1
BB-11545,Brenda Bowman,5,4708.908,0.0,0.0,10.0,6,2018-12-08,2016-05-06,941.7816,4,946,0.0,1
LR-16915,Lena Radford,5,4702.748,0.0,0.0,13.0,9,2018-04-12,2015-08-08,940.5495999999999,244,978,0.0,1
DW-13480,Dianna Wilson,3,4658.538,0.0,0.0,8.0,7,2017-12-11,2015-01-06,1552.8459999999998,366,1070,0.0,1
RL-19615,Rob Lucas,4,4608.125,0.0,0.0,19.0,12,2018-07-07,2015-05-12,1152.03125,158,1152,0.0,1
WB-21850,William Brown,6,4559.547,0.0,0.0,23.0,12,2018-11-11,2015-04-11,759.9245,31,1310,0.0,1
SP-20620,Stefania Perrino,5,4459.1230000000005,0.0,0.0,15.0,10,2018-09-09,2015-08-09,891.8245999999999,94,1127,0.0,1
AA-10315,Alex Avila,2,4433.032,0.0,0.0,5.0,5,2017-03-03,2016-04-10,2216.516,649,327,0.0,1
TW-21025,Tamara Willingham,2,4278.610000000001,0.0,0.0,6.0,5,2016-05-09,2016-01-12,2139.3050000000003,947,118,0.0,1
JK-15640,Jim Kriz,2,4261.5,0.0,0.0,5.0,4,2018-03-07,2016-11-12,2130.75,280,480,0.0,1
KT-16480,Kean Thornton,4,4240.492,0.0,0.0,6.0,5,2017-10-09,2015-08-05,1060.123,429,796,0.0,1
DB-13270,Deborah Brumfield,5,4161.652,0.0,0.0,9.0,8,2018-07-11,2015-04-02,832.3304,154,1196,0.0,1
KH-16510,Keith Herrera,2,4055.487,0.0,0.0,10.0,7,2018-08-12,2015-05-10,2027.7435,122,1190,0.0,1
CM-12715,Craig Molinari,3,3915.9224,0.0,0.0,10.0,6,2016-01-03,2015-07-03,1305.3074666666666,1074,184,0.0,1
PO-19180,Philisse Overcash,4,3866.6349999999998,0.0,0.0,11.0,10,2017-12-09,2016-10-11,966.65875,368,424,0.0,1
EP-13915,Emily Phan,8,3828.2788,0.0,0.0,15.0,9,2018-12-11,2015-06-07,478.53485,1,1283,0.0,1
NP-18325,Naresj Patel,3,3817.888,0.0,0.0,13.0,9,2018-05-12,2016-06-12,1272.6293333333333,214,699,0.0,1
KC-16540,Kelly Collister,2,3802.91,0.0,0.0,3.0,2,2017-11-09,2016-02-11,1901.455,398,637,0.0,1
BM-11650,Brian Moss,3,3774.973,0.0,0.0,10.0,7,2018-09-11,2015-09-07,1258.3243333333335,92,1100,0.0,1
VW-21775,Victoria Wilson,6,3755.732,0.0,0.0,12.0,11,2018-11-02,2015-11-05,625.9553333333333,40,1093,0.0,1
JE-15610,Jim Epp,3,3703.152,0.0,0.0,10.0,6,2018-12-11,2016-11-06,1234.384,1,765,0.0,1
NW-18400,Natalie Webber,3,3598.987,0.0,0.0,8.0,8,2018-11-07,2016-08-05,1199.6623333333334,35,824,0.0,1
CM-12655,Corinna Mitchell,4,3595.608,0.0,0.0,6.0,6,2018-03-12,2016-03-11,898.902,275,731,0.0,1
TB-21175,Thomas Boland,4,3589.296,0.0,0.0,11.0,8,2018-02-11,2015-08-12,897.324,304,914,0.0,1
DK-12895,Dana Kaydos,2,3589.0480000000002,0.0,0.0,11.0,10,2018-12-08,2016-08-03,1794.524,4,857,0.0,1
SP-20920,Susan Pistek,1,3588.096,0.0,0.0,5.0,3,2017-12-11,2017-12-11,3588.096,366,0,0.0,1
JP-15520,Jeremy Pistek,3,3573.434,0.0,0.0,12.0,7,2018-08-12,2015-09-11,1191.1446666666668,122,1066,0.0,1
LB-16795,Laurel Beltran,5,3517.472,0.0,0.0,16.0,9,2018-09-05,2017-01-09,703.4944,98,604,0.0,1
BE-11335,Bill Eplett,1,3480.96,0.0,0.0,3.0,3,2018-02-09,2018-02-09,3480.96,306,0,0.0,1
JF-15565,Jill Fjeld,5,3470.786,0.0,0.0,12.0,9,2018-06-11,2015-11-10,694.1572,184,944,0.0,1
PP-18955,Paul Prost,4,3453.344,0.0,0.0,23.0,13,2017-10-11,2015-08-09,863.336,427,794,0.0,1
FH-14275,Frank Hawley,5,3422.248,0.0,0.0,14.0,9,2018-10-11,2015-06-04,684.4496,62,1225,0.0,1
PS-19045,Penelope Sewall,3,3389.8320000000003,0.0,0.0,3.0,3,2018-08-05,2017-07-11,1129.9440000000002,129,390,0.0,1
RH-19510,Rick Huthwaite,1,3384.45,0.0,0.0,2.0,2,2017-10-03,2017-10-03,3384.45,435,0,0.0,1
MM-17920,Michael Moore,4,3327.084,0.0,0.0,6.0,4,2018-04-09,2016-10-01,831.771,247,555,0.0,1
EM-14140,Eugene Moren,3,3279.57,0.0,0.0,11.0,7,2018-12-11,2016-07-03,1093.19,1,891,0.0,1
CL-12565,Clay Ludtke,6,3232.852,0.0,0.0,13.0,7,2017-08-05,2015-02-09,538.8086666666667,494,908,0.0,1
MG-17650,Matthew Grinstein,4,3222.0099999999998,0.0,0.0,10.0,6,2018-12-10,2015-09-08,805.5024999999999,2,1189,0.0,1
BW-11110,Bart Watters,3,3174.514,0.0,0.0,3.0,3,2018-07-01,2017-08-10,1058.1713333333335,164,325,0.0,1
ZC-21910,Zuschuss Carroll,5,3161.2059999999997,0.0,0.0,10.0,7,2018-11-06,2017-08-03,632.2411999999999,36,460,0.0,1
CC-12370,Christopher Conant,2,3138.116,0.0,0.0,4.0,4,2018-06-11,2017-07-07,1569.058,184,339,0.0,1
DM-13345,Denise Monton,5,3124.442,0.0,0.0,9.0,6,2018-08-12,2015-03-11,624.8884,122,1250,0.0,1
MS-17365,Maribeth Schnelling,6,3098.204,0.0,0.0,15.0,8,2018-01-04,2015-07-11,516.3673333333334,342,908,0.0,1
DL-12925,Daniel Lacy,5,3067.6000000000004,0.0,0.0,13.0,8,2018-03-11,2015-01-11,613.5200000000001,276,1155,0.0,1
JL-15505,Jeremy Lonsdale,3,3037.218,0.0,0.0,13.0,11,2018-11-11,2017-08-04,1012.406,31,464,0.0,1
AS-10285,Alejandro Savely,4,3029.12,0.0,0.0,4.0,4,2018-11-12,2017-04-11,757.28,30,580,0.0,1
MC-17845,Michael Chen,4,2971.77,0.0,0.0,8.0,8,2018-10-12,2015-05-07,742.9425,61,1254,0.0,1
AG-10675,Anna Gayman,4,2943.4796000000006,0.0,0.0,8.0,5,2018-09-06,2016-07-05,735.8699,97,793,0.0,1
JD-15895,Jonathan Doherty,4,2931.616,0.0,0.0,7.0,5,2017-09-07,2016-12-12,732.904,461,269,0.0,1
RP-19390,Resi Pölking,5,2929.116,0.0,0.0,7.0,6,2016-07-04,2015-01-12,585.8232,891,539,0.0,1
PK-19075,Pete Kriz,5,2917.956,0.0,0.0,11.0,8,2018-07-11,2015-11-11,583.5912000000001,154,973,0.0,1
DK-13225,Dean Katz,4,2895.678,0.0,0.0,10.0,9,2017-12-03,2016-03-12,723.9195,374,631,0.0,1
MA-17560,Matt Abelman,4,2892.207,0.0,0.0,15.0,8,2016-10-12,2015-08-08,723.05175,791,431,0.0,1
FP-14320,Frank Preis,5,2886.468,0.0,0.0,8.0,8,2018-07-12,2015-07-12,577.2936000000001,153,1096,0.0,1
JK-16090,Juliana Krohn,2,2854.578,0.0,0.0,5.0,5,2018-02-12,2018-02-10,1427.289,303,2,0.0,1
SF-20200,Sarah Foster,5,2830.054,0.0,0.0,9.0,7,2018-01-11,2016-05-03,566.0107999999999,335,618,0.0,1
RW-19540,Rick Wilson,3,2784.614,0.0,0.0,7.0,4,2018-07-05,2016-03-02,928.2046666666666,160,855,0.0,1
CS-12400,Christopher Schild,5,2782.0785,0.0,0.0,9.0,7,2018-07-04,2016-02-10,556.4157,161,875,0.0,1
BS-11380,Bill Stewart,3,2748.916,0.0,0.0,9.0,6,2018-12-03,2016-03-12,916.3053333333332,9,996,0.0,1
LC-16960,Lindsay Castell,1,2676.672,0.0,0.0,1.0,1,2016-01-12,2016-01-12,2676.672,1065,0,0.0,0
JE-16165,Justin Ellison,2,2672.57,0.0,0.0,5.0,4,2018-10-12,2017-05-12,1336.285,61,518,0.0,1
ED-13885,Emily Ducich,2,2642.202,0.0,0.0,2.0,2,2016-02-11,2015-09-08,1321.101,1035,156,0.0,0
AH-10210,Alan Hwang,4,2634.388,0.0,0.0,7.0,4,2018-08-03,2016-07-12,658.597,131,752,0.0,1
SG-20605,Speros Goranitis,2,2622.882,0.0,0.0,7.0,5,2016-06-12,2015-03-11,1311.441,913,459,0.0,0
MD-17350,Maribeth Dona,5,2610.992,0.0,0.0,14.0,8,2018-10-03,2015-05-11,522.1984,70,1241,0.0,1
EJ-14155,Eva Jacobs,4,2608.001,0.0,0.0,7.0,6,2018-04-09,2015-03-03,652.0002499999999,247,1133,0.0,1
JH-15985,Joseph Holt,4,2602.212,0.0,0.0,10.0,5,2018-01-12,2015-09-08,650.553,334,857,0.0,1
BO-11350,Bill Overfelt,3,2590.76,0.0,0.0,10.0,5,2018-03-05,2017-03-01,863.5866666666667,282,369,0.0,1
DV-13465,Dianna Vittorini,4,2590.737,0.0,0.0,11.0,7,2018-11-06,2016-09-11,647.68425,36,786,0.0,1
JE-15715,Joe Elijah,2,2579.313,0.0,0.0,10.0,7,2017-08-07,2017-02-09,1289.6565,492,179,0.0,1
LW-16990,Lindsay Williams,4,2498.03,0.0,0.0,8.0,6,2018-09-03,2017-05-05,624.5075,100,486,0.0,1
AS-10045,Aaron Smayling,4,2475.846,0.0,0.0,7.0,4,2018-04-09,2018-01-08,618.9615,247,91,0.0,1
SV-20785,Stewart Visinsky,5,2474.639,0.0,0.0,14.0,8,2016-07-11,2015-02-06,494.92780000000005,884,521,0.0,1
EB-13750,Edward Becker,5,2438.892,0.0,0.0,12.0,7,2018-10-11,2016-05-06,487.7784,62,888,0.0,1
SO-20335,Sean O'Donnell,4,2417.3235,0.0,0.0,12.0,8,2018-09-09,2016-04-12,604.3308750000001,94,880,0.0,1
RR-19525,Rick Reed,2,2401.794,0.0,0.0,5.0,3,2016-05-12,2015-09-09,1200.897,944,246,0.0,0
SC-20725,Steven Cartwright,5,2393.132,0.0,0.0,12.0,10,2018-01-01,2015-03-06,478.6264,345,1032,0.0,1
GM-14680,Greg Matthias,4,2354.132,0.0,0.0,9.0,8,2017-09-06,2015-10-05,588.533,462,702,0.0,1
NP-18670,Nora Paige,2,2353.94,0.0,0.0,6.0,6,2018-12-10,2018-02-11,1176.97,2,302,0.0,1
JL-15835,John Lee,3,2340.804,0.0,0.0,12.0,8,2018-09-12,2015-07-07,780.268,91,1163,0.0,1
PV-18985,Paul Van Hugh,3,2332.026,0.0,0.0,8.0,8,2018-11-03,2015-12-07,777.3420000000001,39,1062,0.0,1
IM-15070,Irene Maddox,4,2322.8140000000003,0.0,0.0,12.0,9,2017-06-11,2016-04-07,580.7035000000001,549,430,0.0,1
CC-12220,Chris Cortes,7,2285.072,0.0,0.0,12.0,9,2018-10-12,2015-04-10,326.43885714285716,61,1281,0.0,1
FC-14335,Fred Chung,3,2271.158,0.0,0.0,4.0,3,2018-05-02,2015-10-10,757.0526666666666,224,935,0.0,0
AC-10615,Ann Chong,1,2255.868,0.0,0.0,12.0,10,2018-02-09,2018-02-09,2255.868,306,0,0.0,1
KL-16555,Kelly Lampkin,2,2252.156,0.0,0.0,6.0,5,2018-04-11,2017-06-11,1126.078,245,304,0.0,1
AG-10900,Arthur Gainer,4,2246.513,0.0,0.0,8.0,5,2018-03-09,2016-05-09,561.62825,278,669,0.0,1
CM-12235,Chris McAfee,3,2238.964,0.0,0.0,6.0,4,2017-12-08,2017-01-05,746.3213333333333,369,337,0.0,1
MZ-17515,Mary Zewe,4,2203.0460000000003,0.0,0.0,8.0,5,2017-11-06,2015-04-04,550.7615,401,947,0.0,1
SC-20095,Sanjit Chand,4,2195.45,0.0,0.0,7.0,6,2016-08-11,2015-02-09,548.8625,853,549,0.0,1
TT-21460,Tonja Turnell,2,2193.7960000000003,0.0,0.0,5.0,5,2018-04-03,2016-08-12,1096.8980000000001,253,599,0.0,1
NF-18385,Natalie Fritzler,2,2181.474,0.0,0.0,4.0,3,2018-12-10,2015-11-02,1090.737,2,1134,0.0,0
SH-20395,Shahid Hopkins,8,2173.614,0.0,0.0,13.0,9,2018-10-09,2015-02-11,271.70175,64,1336,0.0,1
HG-14965,Henry Goldwyn,3,2170.758,0.0,0.0,4.0,4,2018-07-12,2016-08-12,723.5859999999999,153,699,0.0,1
TS-21655,Trudy Schmidt,3,2167.904,0.0,0.0,8.0,6,2018-06-05,2016-06-02,722.6346666666667,190,733,0.0,1
KN-16450,Kean Nguyen,3,2162.875,0.0,0.0,6.0,5,2018-08-11,2015-12-04,720.9583333333334,123,981,0.0,1
RS-19765,Roland Schwarz,5,2148.35,0.0,0.0,7.0,7,2018-08-09,2015-06-12,429.66999999999996,125,1154,0.0,1
RS-19420,Ricardo Sperren,3,2142.4,0.0,0.0,5.0,5,2018-08-01,2015-05-08,714.1333333333333,133,1181,0.0,1
AH-10690,Anna Häberlin,6,2124.31,0.0,0.0,15.0,8,2017-06-08,2015-02-04,354.0516666666667,552,855,0.0,1
LA-16780,Laura Armstrong,3,2118.786,0.0,0.0,8.0,6,2017-09-01,2015-11-07,706.2620000000001,467,664,0.0,1
JF-15415,Jennifer Ferguson,2,2083.988,0.0,0.0,7.0,6,2018-11-09,2016-05-04,1041.9940000000001,33,919,0.0,1
MG-18145,Mike Gockenbach,2,2079.67,0.0,0.0,6.0,5,2018-07-10,2016-03-09,1039.835,155,853,0.0,1
DB-13555,Dorothy Badders,4,2060.0108,0.0,0.0,10.0,9,2018-08-09,2015-11-10,515.0027,125,1003,0.0,1
PF-19225,Phillip Flathmann,3,2058.946,0.0,0.0,8.0,7,2018-07-09,2017-03-11,686.3153333333333,156,485,0.0,1
RH-19600,Rob Haberlin,2,2056.7400000000002,0.0,0.0,10.0,7,2016-08-11,2016-02-07,1028.37,853,186,0.0,1
NS-18640,Noel Staavos,8,2049.879,0.0,0.0,17.0,13,2018-09-07,2016-07-08,256.234875,96,791,0.0,1
BT-11680,Brian Thompson,4,2048.326,0.0,0.0,15.0,8,2018-10-12,2016-08-10,512.0815,61,793,0.0,1
CM-12385,Christopher Martinez,1,2031.3919999999998,0.0,0.0,2.0,2,2018-03-01,2018-03-01,2031.3919999999998,286,0,0.0,0
RA-19915,Russell Applegate,1,2027.144,0.0,0.0,2.0,2,2015-01-11,2015-01-11,2027.144,1431,0,0.0,0
DJ-13420,Denny Joy,4,2012.52,0.0,0.0,5.0,3,2017-02-04,2015-08-12,503.13,676,542,0.0,0
SC-20020,Sam Craven,4,2009.4340000000002,0.0,0.0,10.0,5,2016-10-11,2015-02-04,502.35850000000005,792,615,0.0,1
AA-10645,Anna Andreadi,4,2008.705,0.0,0.0,12.0,8,2018-05-11,2015-01-12,502.17625,215,1215,0.0,1
GM-14455,Gary Mitchum,3,1994.19,0.0,0.0,5.0,4,2018-06-08,2015-11-04,664.73,187,947,0.0,1
LT-17110,Liz Thompson,3,1991.9569999999999,0.0,0.0,7.0,5,2016-12-12,2015-01-06,663.9856666666666,730,706,0.0,1
DK-13090,Dave Kipp,4,1953.962,0.0,0.0,7.0,6,2018-03-11,2016-02-03,488.49049999999994,276,767,0.0,1
JD-15790,John Dryer,4,1924.392,0.0,0.0,6.0,4,2018-04-09,2016-02-04,481.098,247,795,0.0,1
RD-19900,Ruben Dartt,3,1895.92,0.0,0.0,12.0,8,2018-07-09,2015-05-04,631.9733333333334,156,1162,0.0,1
RD-19480,Rick Duston,3,1891.0700000000002,0.0,0.0,4.0,3,2017-04-03,2015-08-06,630.3566666666667,618,606,0.0,0
NM-18520,Neoma Murray,4,1885.814,0.0,0.0,7.0,4,2017-07-01,2016-01-12,471.4535,529,536,0.0,1
GD-14590,Giulietta Dortch,3,1884.214,0.0,0.0,5.0,4,2018-03-06,2015-05-05,628.0713333333333,281,1036,0.0,1
CR-12580,Clay Rozendal,1,1872.934,0.0,0.0,2.0,2,2018-03-11,2018-03-11,1872.934,276,0,0.0,0
AC-10450,Amy Cox,2,1864.192,0.0,0.0,3.0,2,2018-03-10,2016-08-11,932.096,277,576,0.0,0
JK-15730,Joe Kamberova,3,1858.03,0.0,0.0,6.0,6,2018-07-10,2015-01-12,619.3433333333334,155,1275,0.0,1
TB-21400,Tom Boeckenhauer,3,1856.71,0.0,0.0,12.0,7,2018-11-06,2015-03-02,618.9033333333333,36,1345,0.0,1
RO-19780,Rose O'Brian,4,1853.29,0.0,0.0,5.0,4,2017-10-11,2016-04-12,463.32250000000005,427,547,0.0,1
AH-10465,Amy Hunt,3,1843.8816,0.0,0.0,5.0,5,2018-02-04,2016-03-01,614.6272,311,705,0.0,1
KM-16225,Kalyca Meade,5,1840.7240000000002,0.0,0.0,14.0,8,2018-09-12,2016-06-07,368.14480000000003,91,827,0.0,1
DB-13615,Doug Bickford,4,1837.67,0.0,0.0,7.0,4,2018-06-05,2016-01-09,459.4175,190,878,0.0,1
FM-14380,Fred McMath,5,1836.8020000000001,0.0,0.0,9.0,6,2018-07-08,2016-09-10,367.3604,157,666,0.0,1
TP-21130,Theone Pippenger,2,1836.3500000000001,0.0,0.0,5.0,4,2018-04-12,2017-05-12,918.1750000000001,244,335,0.0,0
HA-14920,Helen Andreada,5,1827.8259999999998,0.0,0.0,9.0,7,2018-11-09,2015-11-10,365.5652,33,1095,0.0,1
MC-17275,Marc Crier,2,1812.894,0.0,0.0,6.0,4,2016-07-09,2015-08-09,906.447,886,335,0.0,0
LC-17050,Liz Carlisle,4,1804.3980000000001,0.0,0.0,8.0,6,2018-09-09,2015-02-11,451.09950000000003,94,1306,0.0,1
KB-16240,Karen Bern,4,1802.894,0.0,0.0,5.0,5,2018-11-07,2016-07-11,450.7235,35,849,0.0,1
MA-17995,Michelle Arnett,2,1799.466,0.0,0.0,4.0,4,2017-07-11,2017-05-11,899.733,519,61,0.0,0
JO-15145,Jack O'Briant,4,1778.2380000000003,0.0,0.0,6.0,4,2018-03-11,2015-01-11,444.5595,276,1155,0.0,1
BF-11020,Barry Französisch,4,1755.834,0.0,0.0,17.0,10,2018-08-09,2017-02-08,438.9585,125,547,0.0,1
MP-17470,Mark Packer,4,1750.956,0.0,0.0,8.0,6,2017-11-01,2015-04-06,437.739,406,940,0.0,1
NR-18550,Nick Radford,3,1747.377,0.0,0.0,10.0,8,2018-03-06,2015-07-06,582.4590000000001,281,974,0.0,1
AI-10855,Arianne Irving,5,1745.598,0.0,0.0,12.0,9,2018-11-12,2015-10-05,349.11959999999993,30,1134,0.0,1
RD-19585,Rob Dowd,4,1740.518,0.0,0.0,6.0,4,2018-03-07,2015-02-04,435.1295,280,1127,0.0,1
VM-21685,Valerie Mitchum,5,1738.988,0.0,0.0,8.0,6,2018-06-11,2015-07-04,347.7976,184,1073,0.0,1
VT-21700,Valerie Takahito,2,1736.596,0.0,0.0,9.0,7,2016-05-04,2015-06-06,868.298,952,333,0.0,0
FO-14305,Frank Olsen,4,1721.6879999999999,0.0,0.0,6.0,5,2018-08-06,2015-09-06,430.42199999999997,128,1065,0.0,1
JF-15190,Jamie Frazer,4,1710.738,0.0,0.0,12.0,8,2018-09-07,2017-02-12,427.6845,96,572,0.0,1
DP-13105,Dave Poirier,1,1671.08,0.0,0.0,3.0,2,2017-06-12,2017-06-12,1671.08,548,0,0.0,0
ND-18460,Neil Ducich,2,1669.08,0.0,0.0,4.0,3,2018-10-06,2015-06-02,834.54,67,1222,0.0,0
SB-20290,Sean Braxton,4,1648.904,0.0,0.0,11.0,7,2018-09-09,2015-07-09,412.226,94,1158,0.0,1
JL-15850,John Lucas,2,1643.0439999999999,0.0,0.0,3.0,3,2016-06-03,2016-02-04,821.5219999999999,922,120,0.0,0
SC-20695,Steve Chapman,7,1636.028,0.0,0.0,8.0,5,2018-10-08,2016-10-11,233.71828571428568,65,727,0.0,1
KL-16645,Ken Lonsdale,4,1629.881,0.0,0.0,10.0,7,2018-09-04,2015-11-08,407.47025,99,1031,0.0,1
BS-11590,Brendan Sweed,2,1627.3619999999999,0.0,0.0,4.0,3,2016-06-09,2015-05-12,813.681,916,394,0.0,0
EB-13975,Erica Bern,3,1608.6309999999999,0.0,0.0,4.0,4,2017-10-10,2017-04-01,536.2103333333333,428,192,0.0,0
TP-21565,Tracy Poddar,3,1598.9519999999998,0.0,0.0,8.0,6,2017-04-11,2016-01-03,532.984,610,464,0.0,1
YC-21895,Yoseph Carroll,3,1587.18,0.0,0.0,4.0,3,2017-07-04,2016-12-11,529.0600000000001,526,205,0.0,0
EG-13900,Emily Grady,3,1578.592,0.0,0.0,7.0,6,2018-08-12,2016-02-11,526.1973333333334,122,913,0.0,1
RD-19660,Robert Dilbeck,1,1577.94,0.0,0.0,1.0,1,2018-07-09,2018-07-09,1577.94,156,0,0.0,0
EN-13780,Edward Nazzal,1,1562.694,0.0,0.0,4.0,4,2017-04-06,2017-04-06,1562.694,615,0,0.0,0
MH-17455,Mark Hamilton,3,1540.2520000000002,0.0,0.0,4.0,3,2017-10-12,2015-11-07,513.4173333333334,426,705,0.0,0
JS-15880,John Stevenson,2,1538.1499999999999,0.0,0.0,3.0,3,2017-12-02,2015-08-04,769.075,375,851,0.0,0
KN-16390,Katherine Nockton,6,1518.104,0.0,0.0,10.0,8,2018-11-12,2015-02-12,253.01733333333334,30,1369,0.0,1
MG-17680,Maureen Gastineau,1,1515.186,0.0,0.0,2.0,2,2018-08-06,2018-08-06,1515.186,128,0,0.0,0
BC-11125,Becky Castell,4,1496.618,0.0,0.0,10.0,5,2018-11-06,2015-06-07,374.1545,36,1248,0.0,1
AP-10915,Arthur Prichep,4,1494.008,0.0,0.0,13.0,10,2018-03-09,2015-11-11,373.502,278,849,0.0,1
FH-14365,Fred Hopkins,3,1490.8619999999999,0.0,0.0,4.0,4,2018-06-07,2016-03-11,496.95399999999995,188,818,0.0,0
AB-10600,Ann Blume,1,1475.054,0.0,0.0,5.0,5,2018-10-11,2018-10-11,1475.054,62,0,0.0,0
EA-14035,Erin Ashbrook,4,1473.199,0.0,0.0,10.0,5,2017-12-06,2015-05-12,368.29975,371,939,0.0,1
DK-12835,Damala Kotsonis,5,1456.71,0.0,0.0,10.0,7,2018-09-12,2016-07-02,291.342,91,802,0.0,1
AG-10525,Andy Gerbode,4,1455.038,0.0,0.0,9.0,8,2016-07-09,2015-02-09,363.75949999999995,886,516,0.0,1
NZ-18565,Nick Zandusky,6,1452.376,0.0,0.0,11.0,6,2018-06-10,2015-02-08,242.06266666666667,185,1218,0.0,1
PK-18910,Paul Knutson,2,1441.152,0.0,0.0,3.0,3,2017-03-09,2015-04-04,720.576,643,705,0.0,0
DB-12910,Daniel Byrd,6,1428.301,0.0,0.0,9.0,6,2018-11-09,2017-01-04,238.05016666666666,33,674,0.0,1
JG-15160,James Galang,3,1426.024,0.0,0.0,5.0,4,2017-05-12,2016-12-05,475.3413333333333,579,158,0.0,0
DB-13210,Dean Braden,4,1420.7489999999998,0.0,0.0,10.0,7,2018-09-12,2017-05-09,355.18725,91,491,0.0,1
AJ-10795,Anthony Johnson,2,1414.964,0.0,0.0,7.0,6,2017-12-09,2017-05-01,707.482,368,222,0.0,0
CK-12595,Clytie Kelty,4,1409.644,0.0,0.0,15.0,7,2017-12-03,2016-11-07,352.411,374,391,0.0,1
HF-14995,Herbert Flentye,4,1408.801,0.0,0.0,10.0,6,2018-09-12,2017-01-05,352.20025,91,615,0.0,1
MB-18085,Mick Brown,5,1397.0169999999998,0.0,0.0,8.0,7,2018-06-05,2015-05-01,279.40340000000003,190,1131,0.0,1
CC-12475,Cindy Chapman,6,1390.4140000000002,0.0,0.0,9.0,8,2018-11-09,2017-02-05,231.7356666666667,33,642,0.0,1
RB-19465,Rick Bensley,4,1389.114,0.0,0.0,10.0,8,2017-09-03,2015-07-09,347.2785,465,787,0.0,1
OT-18730,Olvera Toch,1,1388.7800000000002,0.0,0.0,3.0,3,2017-10-06,2017-10-06,1388.7800000000002,432,0,0.0,0
AR-10825,Anthony Rawles,4,1385.01,0.0,0.0,6.0,6,2018-02-11,2016-08-03,346.2525,304,557,0.0,1
RA-19885,Ruben Ausman,3,1380.518,0.0,0.0,3.0,3,2018-05-11,2015-08-04,460.17266666666666,215,1011,0.0,0
DM-13525,Don Miller,3,1376.792,0.0,0.0,10.0,6,2017-05-09,2015-05-07,458.9306666666667,582,733,0.0,1
CP-12340,Christine Phan,1,1361.6309999999999,0.0,0.0,2.0,1,2016-07-11,2016-07-11,1361.6309999999999,884,0,0.0,0
GH-14485,Gene Hale,2,1361.2440000000001,0.0,0.0,3.0,2,2017-08-12,2016-08-10,680.6220000000001,487,367,0.0,0
SB-20170,Sarah Bern,3,1348.02,0.0,0.0,7.0,6,2018-12-06,2015-06-06,449.34,6,1279,0.0,1
KH-16630,Ken Heidel,6,1335.554,0.0,0.0,10.0,6,2018-11-09,2015-01-11,222.59233333333336,33,1398,0.0,1
LH-17155,Logan Haushalter,5,1321.395,0.0,0.0,12.0,8,2017-10-12,2015-12-12,264.279,426,670,0.0,1
ML-17755,Max Ludwig,5,1320.29,0.0,0.0,9.0,6,2018-11-11,2017-04-08,264.058,31,582,0.0,1
KM-16720,Kunst Miller,2,1317.858,0.0,0.0,5.0,5,2018-02-12,2015-01-04,658.9290000000001,303,1135,0.0,0
NC-18340,Nat Carroll,2,1316.918,0.0,0.0,7.0,6,2016-04-04,2015-04-05,658.459,982,365,0.0,0
AB-10105,Adrian Barton,4,1299.154,0.0,0.0,9.0,7,2018-05-06,2016-07-11,324.7885,220,664,0.0,1
JA-15970,Joseph Airdo,4,1298.62,0.0,0.0,10.0,7,2018-07-09,2015-12-11,324.655,156,941,0.0,1
AS-10090,Adam Shillingsburg,5,1286.966,0.0,0.0,12.0,7,2018-02-12,2016-09-11,257.39320000000004,303,519,0.0,1
JK-15370,Jay Kimmel,3,1280.8319999999999,0.0,0.0,7.0,6,2018-07-08,2015-11-04,426.944,157,977,0.0,1
NG-18430,Nathan Gelder,3,1278.944,0.0,0.0,5.0,4,2018-12-11,2015-03-12,426.31466666666665,1,1370,0.0,0
KT-16465,Kean Takahito,2,1271.566,0.0,0.0,4.0,2,2017-04-12,2015-08-09,635.783,609,612,0.0,0
MC-17575,Matt Collins,6,1260.0330000000001,0.0,0.0,9.0,5,2018-07-08,2015-02-12,210.0055,157,1242,0.0,1
LW-17125,Liz Willingham,3,1259.04,0.0,0.0,5.0,3,2018-08-06,2015-11-09,419.68,128,1001,0.0,0
MM-18055,Michelle Moray,3,1256.809,0.0,0.0,5.0,5,2018-08-09,2015-11-04,418.9363333333333,125,1009,0.0,1
MJ-17740,Max Jones,5,1255.096,0.0,0.0,9.0,5,2018-11-03,2016-09-06,251.0192,39,788,0.0,1
RW-19690,Robert Waldorf,2,1250.64,0.0,0.0,10.0,6,2018-12-10,2018-10-09,625.3199999999999,2,62,0.0,1
ZD-21925,Zuschuss Donatelli,4,1249.184,0.0,0.0,6.0,4,2018-11-06,2017-03-04,312.296,36,612,0.0,1
TS-21205,Thomas Seio,3,1249.124,0.0,0.0,7.0,5,2017-01-08,2015-09-06,416.37466666666666,703,490,0.0,0
DB-13120,David Bremer,5,1236.922,0.0,0.0,9.0,7,2018-12-11,2016-01-05,247.3844,1,1071,0.0,1
ML-17395,Marina Lichtenstein,4,1234.21,0.0,0.0,6.0,4,2018-09-02,2015-04-08,308.5525,101,1243,0.0,1
DK-13375,Dennis Kane,5,1226.696,0.0,0.0,8.0,7,2018-12-11,2015-07-09,245.33919999999998,1,1251,0.0,1
SH-19975,Sally Hughsby,4,1221.4679999999998,0.0,0.0,9.0,5,2018-06-03,2015-10-12,305.36699999999996,192,965,0.0,1
EJ-13720,Ed Jacobs,1,1219.7920000000001,0.0,0.0,2.0,2,2018-03-03,2018-03-03,1219.7920000000001,284,0,0.0,0
LF-17185,Luke Foster,3,1219.133,0.0,0.0,7.0,5,2018-08-12,2015-06-12,406.3776666666667,122,1157,0.0,1
JH-16180,Justin Hirsh,2,1215.53,0.0,0.0,3.0,3,2017-05-04,2016-01-11,607.765,587,479,0.0,0
TZ-21580,Tracy Zic,2,1209.276,0.0,0.0,5.0,4,2016-04-12,2015-11-11,604.638,974,153,0.0,0
SU-20665,Stephanie Ulpright,5,1199.234,0.0,0.0,9.0,6,2018-10-12,2016-05-12,239.84679999999997,61,883,0.0,1
SN-20560,Skye Norling,3,1191.9840000000002,0.0,0.0,7.0,5,2018-10-09,2016-11-09,397.32800000000003,64,699,0.0,1
ER-13855,Elpida Rittenbach,2,1184.8039999999999,0.0,0.0,4.0,4,2017-06-09,2017-04-11,592.402,551,59,0.0,0
BP-11290,Beth Paige,3,1184.266,0.0,0.0,4.0,2,2018-09-01,2015-03-10,394.75533333333334,102,1271,0.0,0
JB-16045,Julia Barnett,3,1178.685,0.0,0.0,5.0,4,2017-08-12,2016-03-05,392.895,487,525,0.0,0
BP-11155,Becky Pak,3,1177.91,0.0,0.0,4.0,3,2018-10-07,2016-04-06,392.6366666666667,66,914,0.0,0
DB-13060,Dave Brooks,2,1171.868,0.0,0.0,2.0,2,2017-06-06,2015-01-03,585.934,554,885,0.0,0
GT-14710,Greg Tran,1,1169.454,0.0,0.0,7.0,4,2017-06-12,2017-06-12,1169.454,548,0,0.0,0
JK-16120,Julie Kriz,6,1169.3839999999998,0.0,0.0,12.0,6,2018-11-05,2015-02-11,194.89733333333334,37,1363,0.0,1
CS-11950,Carlos Soltero,5,1165.56,0.0,0.0,6.0,5,2018-07-05,2015-08-06,233.11200000000002,160,1064,0.0,1
EB-13870,Emily Burns,6,1160.559,0.0,0.0,6.0,3,2018-10-03,2015-05-05,193.4265,70,1247,0.0,1
NL-18310,Nancy Lomonaco,1,1158.882,0.0,0.0,6.0,6,2018-02-11,2018-02-11,1158.882,304,0,0.0,0
JP-16135,Julie Prescott,5,1146.472,0.0,0.0,7.0,6,2018-12-05,2016-04-07,229.2944,7,972,0.0,1
GW-14605,Giulietta Weimer,2,1145.037,0.0,0.0,3.0,3,2018-02-12,2015-01-03,572.5185,303,1136,0.0,0
CH-12070,Cathy Hwang,1,1127.976,0.0,0.0,1.0,1,2017-08-02,2017-08-02,1127.976,497,0,0.0,0
NP-18685,Nora Pelletier,3,1115.008,0.0,0.0,3.0,2,2016-06-12,2015-07-03,371.6693333333333,913,345,0.0,0
AT-10435,Alyssa Tate,3,1111.052,0.0,0.0,5.0,4,2018-09-12,2016-06-09,370.35066666666654,91,825,0.0,0
CB-12535,Claudia Bergmann,5,1107.342,0.0,0.0,11.0,8,2018-05-03,2016-02-01,221.46840000000003,223,822,0.0,1
MC-17605,Matt Connell,3,1106.25,0.0,0.0,4.0,3,2018-09-09,2015-01-12,368.75,94,1336,0.0,0
CA-12055,Cathy Armstrong,2,1106.044,0.0,0.0,6.0,4,2017-08-08,2016-05-09,553.0219999999999,491,456,0.0,0
SV-20365,Seth Vernon,4,1104.896,0.0,0.0,5.0,4,2018-06-08,2015-11-01,276.224,187,950,0.0,1
PM-18940,Paul MacIntyre,2,1103.6599999999999,0.0,0.0,2.0,2,2017-09-12,2015-04-05,551.8299999999999,456,891,0.0,0
CV-12805,Cynthia Voltz,4,1101.3799999999999,0.0,0.0,8.0,5,2018-04-09,2017-01-09,275.34499999999997,247,455,0.0,1
CT-11995,Carol Triggs,2,1099.99,0.0,0.0,5.0,4,2018-04-06,2015-07-05,549.995,250,1006,0.0,0
BP-11185,Ben Peterman,4,1090.376,0.0,0.0,11.0,7,2018-10-12,2017-04-01,272.594,61,559,0.0,1
LC-16870,Lena Cacioppo,4,1082.7659999999998,0.0,0.0,17.0,8,2018-03-12,2016-03-05,270.6915,275,737,0.0,1
HM-14860,Harry Marie,4,1080.242,0.0,0.0,8.0,5,2018-04-08,2016-04-12,270.0605,248,726,0.0,1
DV-13045,Darrin Van Huff,3,1076.983,0.0,0.0,6.0,5,2018-11-12,2017-12-06,358.9943333333333,30,341,0.0,1
FM-14215,Filia McAdams,5,1073.2379999999998,0.0,0.0,9.0,6,2017-12-05,2015-11-03,214.6476,372,763,0.0,1
PC-19000,Pauline Chand,2,1061.488,0.0,0.0,3.0,3,2016-01-08,2015-08-04,530.744,1069,157,0.0,0
CS-11845,Cari Sayre,2,1061.068,0.0,0.0,3.0,3,2018-11-02,2016-02-04,530.534,40,1002,0.0,0
DP-13165,David Philippe,2,1058.616,0.0,0.0,4.0,4,2016-10-10,2015-02-12,529.308,793,606,0.0,0
JC-15385,Jenna Caffey,1,1058.108,0.0,0.0,4.0,4,2018-08-07,2018-08-07,1058.108,127,0,0.0,0
DL-13315,Delfina Latchford,5,1055.2160000000001,0.0,0.0,11.0,7,2018-08-12,2015-06-02,211.0432,122,1167,0.0,1
JM-15265,Janet Molinari,1,1045.21,0.0,0.0,2.0,2,2017-11-12,2017-11-12,1045.21,395,0,0.0,0
SM-20905,Susan MacKendrick,1,1043.041,0.0,0.0,6.0,5,2017-03-05,2017-03-05,1043.041,647,0,0.0,0
PG-18820,Patrick Gardner,5,1042.7259999999999,0.0,0.0,9.0,6,2018-11-11,2015-09-05,208.54519999999997,31,1163,0.0,1
SZ-20035,Sam Zeldin,7,1040.781,0.0,0.0,13.0,9,2018-08-07,2015-04-11,148.683,127,1214,0.0,1
JO-15280,Jas O'Carroll,1,1038.84,0.0,0.0,1.0,1,2016-02-11,2016-02-11,1038.84,1035,0,0.0,0
DB-12970,Darren Budd,2,1036.0812,0.0,0.0,7.0,6,2018-03-05,2015-12-11,518.0406,282,815,0.0,0
SC-20230,Scot Coram,3,1032.836,0.0,0.0,4.0,4,2018-03-08,2017-06-06,344.27866666666665,279,275,0.0,0
TG-21310,Toby Gnade,2,1004.588,0.0,0.0,2.0,2,2017-02-09,2016-09-03,502.294,671,159,0.0,0
SJ-20500,Shirley Jackson,2,1000.592,0.0,0.0,4.0,4,2017-01-12,2015-09-10,500.296,699,490,0.0,0
MV-18190,Mike Vittorini,4,999.1080000000001,0.0,0.0,5.0,3,2018-11-12,2016-05-03,249.77700000000002,30,923,0.0,0
CG-12520,Claire Gute,1,993.9000000000001,0.0,0.0,2.0,2,2017-08-11,2017-08-11,993.9000000000001,488,0,0.0,0
NC-18625,Noah Childs,3,991.472,0.0,0.0,5.0,5,2018-09-06,2016-02-05,330.49066666666664,97,944,0.0,1
MH-17290,Marc Harrigan,1,987.1880000000001,0.0,0.0,4.0,4,2018-11-03,2018-11-03,987.1880000000001,39,0,0.0,0
GG-14650,Greg Guthrie,4,984.682,0.0,0.0,9.0,9,2018-05-10,2016-05-04,246.1705,216,736,0.0,1
CS-12355,Christine Sundaresam,3,984.062,0.0,0.0,8.0,7,2018-12-11,2016-04-09,328.02066666666667,1,976,0.0,1
CA-12775,Cynthia Arntzen,4,982.562,0.0,0.0,9.0,8,2018-12-05,2016-11-12,245.6405,7,753,0.0,1
LH-16900,Lena Hernandez,4,982.0,0.0,0.0,7.0,4,2018-09-12,2015-01-09,245.5,91,1342,0.0,1
MT-18070,Michelle Tran,2,975.545,0.0,0.0,6.0,5,2018-10-06,2017-11-08,487.7724999999999,67,332,0.0,0
YS-21880,Yana Sorensen,4,967.192,0.0,0.0,5.0,4,2018-05-05,2016-08-12,241.798,221,631,0.0,1
MB-17305,Maria Bertelson,6,961.244,0.0,0.0,9.0,6,2018-12-11,2015-08-08,160.2073333333333,1,1221,0.0,1
TB-21250,Tim Brockman,4,961.152,0.0,0.0,12.0,8,2017-07-10,2015-08-12,240.288,520,698,0.0,1
CS-12490,Cindy Schnelling,3,956.2805000000001,0.0,0.0,6.0,5,2017-12-08,2016-12-01,318.76016666666663,369,372,0.0,0
AZ-10750,Annie Zypern,2,955.5959999999999,0.0,0.0,5.0,4,2017-05-02,2016-12-05,477.79799999999994,589,148,0.0,0
JM-15250,Janet Martin,1,954.902,0.0,0.0,7.0,6,2018-01-01,2018-01-01,954.902,345,0,0.0,0
MY-18295,Muhammed Yedwab,4,946.9720000000001,0.0,0.0,7.0,5,2018-04-05,2017-01-04,236.74300000000002,251,456,0.0,1
LR-17035,Lisa Ryan,2,938.2490000000001,0.0,0.0,6.0,4,2016-07-09,2015-07-09,469.12450000000007,886,366,0.0,0
CK-12760,Cyma Kinney,5,932.825,0.0,0.0,6.0,5,2018-09-10,2015-07-02,186.565,93,1166,0.0,1
AD-10180,Alan Dominguez,2,932.0699999999999,0.0,0.0,3.0,3,2018-01-12,2016-04-07,466.035,334,645,0.0,0
HR-14770,Hallie Redmond,3,928.78,0.0,0.0,4.0,3,2018-07-04,2015-01-03,309.5933333333333,161,1278,0.0,0
TC-21295,Toby Carlisle,3,921.34,0.0,0.0,3.0,3,2018-06-05,2017-09-06,307.11333333333334,190,272,0.0,0
BW-11200,Ben Wallace,3,920.3520000000001,0.0,0.0,4.0,4,2018-10-06,2015-12-08,306.78400000000005,67,1033,0.0,0
JM-16195,Justin MacKendrick,5,919.2620000000001,0.0,0.0,8.0,5,2018-12-08,2015-02-09,183.8524,4,1398,0.0,1
GM-14440,Gary McGarr,2,918.444,0.0,0.0,2.0,2,2018-08-10,2017-03-12,459.222,124,516,0.0,0
SJ-20215,Sarah Jordon,3,911.13,0.0,0.0,4.0,2,2018-01-12,2016-06-07,303.71,334,584,0.0,0
SW-20275,Scott Williamson,2,907.9499999999999,0.0,0.0,3.0,3,2017-10-11,2015-10-03,453.97499999999997,427,739,0.0,0
TH-21115,Thea Hudgings,2,904.464,0.0,0.0,5.0,5,2018-02-11,2017-08-07,452.232,304,188,0.0,0
CA-12265,Christina Anderson,3,902.076,0.0,0.0,7.0,5,2018-04-11,2017-07-02,300.692,245,283,0.0,0
KB-16585,Ken Black,7,894.47,0.0,0.0,13.0,8,2018-12-03,2015-04-04,127.78142857142858,9,1339,0.0,1
CA-11965,Carol Adams,1,892.224,0.0,0.0,1.0,1,2016-05-04,2016-05-04,892.224,952,0,0.0,0
PF-19120,Peter Fuller,2,887.74,0.0,0.0,5.0,4,2016-07-04,2015-05-05,443.87,891,426,0.0,0
GH-14425,Gary Hwang,3,882.33,0.0,0.0,7.0,6,2018-10-11,2016-06-12,294.11,62,851,0.0,1
EM-13960,Eric Murdock,4,879.3199999999999,0.0,0.0,5.0,5,2018-01-08,2016-01-10,219.82999999999998,338,729,0.0,1
TA-21385,Tom Ashbrook,3,879.1619999999999,0.0,0.0,6.0,5,2018-04-04,2015-12-09,293.054,252,847,0.0,0
XP-21865,Xylona Preis,6,878.482,0.0,0.0,15.0,7,2018-09-10,2015-06-10,146.41366666666667,93,1188,0.0,1
AB-10015,Aaron Bergman,2,873.5319999999999,0.0,0.0,5.0,5,2017-10-11,2015-07-03,436.76599999999996,427,831,0.0,0
AC-10420,Alyssa Crouse,2,868.2239999999999,0.0,0.0,4.0,3,2018-12-05,2015-12-07,434.11199999999997,7,1094,0.0,0
EB-13840,Ellis Ballard,2,856.4,0.0,0.0,5.0,4,2018-01-10,2017-04-12,428.2,336,273,0.0,0
HW-14935,Helen Wasserman,1,849.846,0.0,0.0,3.0,3,2018-04-09,2018-04-09,849.846,247,0,0.0,0
DL-13495,Dionis Lloyd,1,837.6,0.0,0.0,1.0,1,2017-07-10,2017-07-10,837.6,520,0,0.0,0
GB-14530,George Bell,7,837.054,0.0,0.0,9.0,6,2018-01-04,2016-05-11,119.57914285714286,342,603,0.0,1
HA-14905,Helen Abelman,3,835.482,0.0,0.0,5.0,5,2018-10-09,2016-08-11,278.49399999999997,64,789,0.0,0
EB-13705,Ed Braxton,5,835.16,0.0,0.0,6.0,4,2018-12-11,2015-08-07,167.03199999999998,1,1222,0.0,1
RA-19285,Ralph Arnett,3,831.886,0.0,0.0,6.0,4,2018-04-09,2017-04-08,277.2953333333333,247,366,0.0,0
SC-20380,Shahid Collister,3,821.694,0.0,0.0,8.0,6,2018-03-02,2015-01-03,273.89799999999997,285,1154,0.0,1
CC-12430,Chuck Clark,4,820.1800000000001,0.0,0.0,8.0,6,2018-06-11,2016-06-09,205.04500000000002,184,732,0.0,1
MO-17500,Mary O'Rourke,2,813.9639999999999,0.0,0.0,3.0,3,2017-06-09,2017-04-10,406.98199999999997,551,60,0.0,0
AB-10150,Aimee Bixby,3,812.462,0.0,0.0,7.0,5,2018-04-09,2015-05-03,270.8206666666667,247,1072,0.0,0
ME-17725,Max Engle,3,810.466,0.0,0.0,4.0,4,2018-02-12,2015-12-07,270.1553333333333,303,798,0.0,0
CB-12025,Cassandra Brandow,4,807.6600000000001,0.0,0.0,8.0,7,2018-11-09,2018-05-02,201.91500000000002,33,191,0.0,1
ES-14080,Erin Smith,3,807.0,0.0,0.0,10.0,7,2018-02-12,2015-02-10,269.0,303,1098,0.0,1
TC-21475,Tony Chapman,2,805.72,0.0,0.0,3.0,3,2018-02-04,2017-05-12,402.85999999999996,311,268,0.0,0
FC-14245,Frank Carlisle,3,805.0699999999999,0.0,0.0,7.0,5,2018-08-09,2016-10-12,268.3566666666666,125,666,0.0,0
TN-21040,Tanja Norvell,3,802.312,0.0,0.0,4.0,3,2018-01-10,2015-10-10,267.43733333333336,336,823,0.0,0
DS-13180,David Smith,3,800.1100000000001,0.0,0.0,6.0,6,2018-07-12,2016-04-09,266.7033333333334,153,824,0.0,1
CD-12280,Christina DeMoss,1,796.036,0.0,0.0,8.0,6,2018-05-11,2018-05-11,796.036,215,0,0.0,0
EH-13765,Edward Hooks,2,795.8,0.0,0.0,6.0,4,2017-02-06,2016-10-09,397.9,674,120,0.0,0
AJ-10945,Ashley Jarboe,2,793.926,0.0,0.0,5.0,4,2016-01-06,2015-03-03,396.963,1071,309,0.0,0
CW-11905,Carl Weiss,3,785.852,0.0,0.0,7.0,6,2018-08-12,2015-09-06,261.9506666666667,122,1071,0.0,1
VF-21715,Vicky Freymann,2,785.164,0.0,0.0,6.0,5,2018-08-07,2015-01-03,392.582,127,1312,0.0,0
GA-14725,Guy Armstrong,5,784.386,0.0,0.0,12.0,8,2018-12-03,2015-11-02,156.8772,9,1127,0.0,1
MK-18160,Mike Kennedy,3,778.9900000000001,0.0,0.0,9.0,3,2018-04-05,2017-02-12,259.66333333333336,251,417,0.0,0
BS-11800,Bryan Spruell,1,760.8,0.0,0.0,6.0,4,2018-09-04,2018-09-04,760.8,99,0,0.0,0
SP-20650,Stephanie Phelps,5,759.6360000000001,0.0,0.0,7.0,6,2017-12-11,2015-03-11,151.9272,366,1006,0.0,1
JK-15625,Jim Karlsson,2,756.3999999999999,0.0,0.0,3.0,3,2016-07-08,2015-08-12,378.19999999999993,887,331,0.0,0
JB-15400,Jennifer Braxton,5,756.188,0.0,0.0,6.0,4,2018-09-11,2016-01-05,151.2376,92,980,0.0,1
CS-12175,Charles Sheldon,3,755.3480000000001,0.0,0.0,6.0,4,2018-12-05,2015-12-08,251.7826666666667,7,1093,0.0,0
KB-16405,Katrina Bavinger,2,753.661,0.0,0.0,6.0,4,2018-04-09,2018-03-09,376.8305,247,31,0.0,0
PG-18895,Paul Gonzalez,3,753.4799999999999,0.0,0.0,6.0,6,2018-03-11,2015-11-05,251.16,276,857,0.0,1
ON-18715,Odella Nelson,4,753.08,0.0,0.0,9.0,9,2017-11-03,2015-02-12,188.27,404,995,0.0,1
PM-19135,Peter McVee,2,751.288,0.0,0.0,3.0,3,2018-09-11,2017-08-10,375.644,92,397,0.0,0
BF-11215,Benjamin Farhat,2,749.46,0.0,0.0,2.0,2,2017-09-06,2015-09-11,374.73,462,726,0.0,0
TG-21640,Trudy Glocke,2,744.556,0.0,0.0,4.0,3,2018-07-09,2016-09-06,372.278,156,671,0.0,0
DK-12985,Darren Koutras,3,737.52,0.0,0.0,4.0,4,2018-05-05,2016-02-08,245.84,221,817,0.0,0
VP-21760,Victoria Pisteka,3,734.4839999999999,0.0,0.0,5.0,4,2015-09-12,2015-06-09,244.82799999999997,1187,95,0.0,0
AG-10495,Andrew Gjertsen,2,734.398,0.0,0.0,3.0,3,2016-11-11,2016-04-01,367.199,761,224,0.0,0
ND-18370,Natalie DeCherney,3,727.028,0.0,0.0,4.0,4,2018-03-12,2015-01-11,242.34266666666664,275,1156,0.0,0
BE-11455,Brad Eason,4,722.126,0.0,0.0,9.0,8,2017-06-05,2016-02-08,180.5315,555,483,0.0,1
MS-17980,Michael Stewart,4,721.984,0.0,0.0,8.0,5,2018-04-12,2016-04-12,180.496,244,730,0.0,1
RD-19810,Ross DeVincentis,3,712.9359999999999,0.0,0.0,7.0,4,2018-03-02,2017-02-09,237.6453333333333,285,386,0.0,0
RD-19720,Roger Demir,5,706.067,0.0,0.0,10.0,9,2018-09-12,2015-02-11,141.2134,91,1309,0.0,1
Dl-13600,Dorris liebe,4,695.362,0.0,0.0,4.0,4,2018-08-06,2015-01-07,173.8405,128,1307,0.0,1
EM-13825,Elizabeth Moffitt,4,694.722,0.0,0.0,5.0,4,2018-05-11,2015-02-12,173.6805,215,1184,0.0,0
AR-10540,Andy Reiter,1,692.728,0.0,0.0,2.0,2,2016-11-04,2016-11-04,692.728,768,0,0.0,0
SC-20260,Scott Cohen,1,687.4499999999999,0.0,0.0,2.0,2,2015-06-04,2015-06-04,687.4499999999999,1287,0,0.0,0
MY-17380,Maribeth Yedwab,2,687.0840000000001,0.0,0.0,3.0,3,2018-02-03,2018-01-12,343.54200000000003,312,22,0.0,0
DO-13645,Doug O'Connell,3,682.342,0.0,0.0,6.0,3,2018-04-12,2016-07-11,227.44733333333332,244,640,0.0,0
CR-12820,Cyra Reiten,1,681.9100000000001,0.0,0.0,3.0,3,2018-06-10,2018-06-10,681.9100000000001,185,0,0.0,0
ML-18040,Michelle Lonsdale,2,681.242,0.0,0.0,3.0,2,2018-12-10,2018-04-06,340.621,2,248,0.0,0
EM-14095,Eudokia Martin,3,675.546,0.0,0.0,7.0,5,2018-08-09,2016-07-08,225.182,125,762,0.0,0
VB-21745,Victoria Brennan,2,674.32,0.0,0.0,3.0,3,2018-08-03,2018-06-11,337.16,131,53,0.0,0
BD-11605,Brian Dahlen,2,656.63,0.0,0.0,8.0,7,2017-12-04,2016-11-06,328.315,373,393,0.0,0
BD-11770,Bryan Davis,5,653.698,0.0,0.0,9.0,7,2018-06-02,2017-02-05,130.7396,193,482,0.0,1
TS-21430,Tom Stivers,2,647.68,0.0,0.0,4.0,4,2018-11-07,2015-11-11,323.84,35,1092,0.0,0
EB-14110,Eugene Barchas,3,646.9,0.0,0.0,4.0,4,2018-08-09,2016-12-11,215.63333333333333,125,606,0.0,0
JL-15235,Janet Lee,2,641.728,0.0,0.0,5.0,5,2018-02-09,2017-05-06,320.86400000000003,306,279,0.0,0
KB-16315,Karl Braun,3,637.4839999999999,0.0,0.0,6.0,4,2018-09-03,2016-02-07,212.49466666666663,100,939,0.0,0
BM-11785,Bryan Mills,3,628.848,0.0,0.0,6.0,4,2016-03-10,2015-02-09,209.61599999999999,1007,395,0.0,0
LP-17080,Liz Pelletier,2,625.678,0.0,0.0,6.0,5,2018-11-05,2017-11-11,312.839,37,359,0.0,0
SP-20545,Sibella Parks,2,625.668,0.0,0.0,4.0,4,2018-06-02,2017-09-10,312.834,193,265,0.0,0
JS-15595,Jill Stevenson,2,619.75,0.0,0.0,6.0,5,2018-02-09,2015-03-03,309.875,306,1074,0.0,0
GZ-14470,Gary Zandusky,4,617.79,0.0,0.0,4.0,4,2018-06-05,2015-05-08,154.4475,190,1124,0.0,0
RM-19375,Raymond Messe,3,617.414,0.0,0.0,3.0,3,2017-08-04,2015-11-05,205.80466666666666,495,638,0.0,0
TM-21010,Tamara Manning,2,616.54,0.0,0.0,7.0,6,2016-12-09,2015-08-08,308.27,733,489,0.0,0
LP-17095,Liz Preis,4,615.532,0.0,0.0,8.0,6,2018-05-09,2017-02-10,153.883,217,453,0.0,1
SF-20065,Sandra Flanagan,3,612.55,0.0,0.0,5.0,4,2018-01-11,2015-10-09,204.1833333333333,335,825,0.0,0
LS-16975,Lindsay Shagiari,3,610.844,0.0,0.0,9.0,7,2018-12-11,2017-06-11,203.6146666666667,1,548,0.0,1
AH-10120,Adrian Hane,2,609.5020000000001,0.0,0.0,4.0,2,2018-08-04,2018-02-07,304.751,130,178,0.0,0
MN-17935,Michael Nguyen,2,609.456,0.0,0.0,3.0,2,2018-10-02,2015-11-07,304.728,71,1060,0.0,0
RR-19315,Ralph Ritter,1,608.552,0.0,0.0,3.0,3,2018-11-12,2018-11-12,608.552,30,0,0.0,0
AW-10840,Anthony Witt,2,606.232,0.0,0.0,5.0,5,2018-10-12,2018-02-09,303.116,61,245,0.0,0
JG-15310,Jason Gross,1,606.2139999999999,0.0,0.0,2.0,2,2017-03-03,2017-03-03,606.2139999999999,649,0,0.0,0
NB-18655,Nona Balk,3,605.004,0.0,0.0,4.0,3,2018-11-12,2015-05-12,201.66799999999998,30,1280,0.0,0
MS-17770,Maxwell Schwartz,3,603.7280000000001,0.0,0.0,4.0,4,2017-10-11,2015-03-11,201.24266666666668,427,945,0.0,0
LW-16825,Laurel Workman,2,601.7439999999999,0.0,0.0,3.0,3,2018-03-10,2015-01-07,300.87199999999996,277,1158,0.0,0
DB-13405,Denny Blanton,1,601.44,0.0,0.0,3.0,3,2016-08-08,2016-08-08,601.44,856,0,0.0,0
HM-14980,Henry MacAllister,2,592.0799999999999,0.0,0.0,5.0,3,2018-11-04,2016-02-10,296.04,38,998,0.0,0
EH-14185,Evan Henry,1,588.784,0.0,0.0,1.0,1,2017-04-04,2017-04-04,588.784,617,0,0.0,0
HK-14890,Heather Kirkland,3,581.614,0.0,0.0,3.0,3,2018-03-06,2015-10-06,193.87133333333335,281,882,0.0,0
NH-18610,Nicole Hansen,1,580.8599999999999,0.0,0.0,2.0,1,2018-08-04,2018-08-04,580.8599999999999,130,0,0.0,0
CS-12250,Chris Selesnick,5,575.4,0.0,0.0,9.0,6,2018-08-10,2015-07-02,115.08,124,1135,0.0,1
BS-11755,Bruce Stewart,3,573.792,0.0,0.0,5.0,4,2018-10-04,2015-03-08,191.264,69,1306,0.0,0
DS-13030,Darrin Sayre,2,572.707,0.0,0.0,7.0,6,2018-04-04,2015-09-07,286.3535,252,940,0.0,0
JF-15490,Jeremy Farry,3,569.196,0.0,0.0,5.0,4,2016-07-12,2016-01-11,189.73199999999997,883,183,0.0,0
DM-13015,Darrin Martin,4,566.875,0.0,0.0,8.0,5,2018-03-11,2016-08-07,141.71875,276,581,0.0,1
MV-17485,Mark Van Huff,3,565.722,0.0,0.0,3.0,3,2018-06-02,2017-05-09,188.57399999999998,193,389,0.0,0
Co-12640,Corey-Lock,1,564.768,0.0,0.0,2.0,2,2016-02-08,2016-02-08,564.768,1038,0,0.0,0
TS-21505,Tony Sayre,2,563.892,0.0,0.0,3.0,3,2018-07-11,2018-03-07,281.94599999999997,154,126,0.0,0
RB-19360,Raymond Buch,1,560.78,0.0,0.0,6.0,3,2017-01-04,2017-01-04,560.78,707,0,0.0,0
FM-14290,Frank Merwin,5,560.6,0.0,0.0,14.0,6,2018-06-11,2016-07-04,112.12,184,707,0.0,1
SC-20305,Sean Christensen,2,555.429,0.0,0.0,4.0,4,2018-10-06,2018-01-12,277.7145,67,267,0.0,0
AW-10930,Arthur Wiediger,2,551.544,0.0,0.0,8.0,8,2017-12-06,2017-07-10,275.772,371,149,0.0,1
CS-12460,Chuck Sachs,2,550.644,0.0,0.0,6.0,4,2018-03-12,2018-03-07,275.322,275,5,0.0,0
MZ-17335,Maria Zettner,2,547.946,0.0,0.0,4.0,4,2017-09-10,2016-08-11,273.973,458,395,0.0,0
TH-21235,Tiffany House,3,547.652,0.0,0.0,5.0,5,2018-08-06,2015-04-11,182.55066666666667,128,1213,0.0,0
RP-19855,Roy Phan,2,547.5699999999999,0.0,0.0,2.0,2,2018-02-12,2017-04-09,273.78499999999997,303,309,0.0,0
BD-11725,Bruce Degenhardt,2,541.62,0.0,0.0,4.0,3,2018-03-08,2016-03-07,270.81,279,731,0.0,0
SS-20410,Shahid Shariari,3,534.638,0.0,0.0,6.0,3,2018-11-09,2015-07-09,178.21266666666668,33,1219,0.0,0
SM-20320,Sean Miller,2,534.418,0.0,0.0,2.0,2,2018-12-10,2018-09-07,267.209,2,94,0.0,0
DG-13300,Deirdre Greer,2,534.192,0.0,0.0,4.0,3,2016-03-07,2015-01-11,267.096,1010,421,0.0,0
BF-11170,Ben Ferrer,3,530.642,0.0,0.0,4.0,4,2018-06-03,2015-12-07,176.88066666666668,192,909,0.0,0
PO-19195,Phillina Ober,2,524.7819999999999,0.0,0.0,5.0,4,2018-05-10,2015-04-01,262.391,216,1135,0.0,0
LC-16930,Linda Cazamias,4,523.904,0.0,0.0,8.0,4,2018-10-09,2017-04-08,130.976,64,549,0.0,0
SW-20350,Sean Wendt,1,523.18,0.0,0.0,2.0,2,2017-09-04,2017-09-04,523.18,464,0,0.0,0
DC-12850,Dan Campbell,2,514.68,0.0,0.0,3.0,2,2018-04-06,2015-05-07,257.34,250,1065,0.0,0
JM-15865,John Murray,2,511.764,0.0,0.0,4.0,3,2018-12-09,2017-01-12,255.882,3,696,0.0,0
BD-11635,Brian Derr,2,511.646,0.0,0.0,4.0,4,2016-05-12,2015-05-10,255.823,944,368,0.0,0
CS-11860,Cari Schnelling,3,509.14399999999995,0.0,0.0,3.0,2,2018-12-07,2015-02-05,169.71466666666666,5,1401,0.0,0
BG-11740,Bruce Geld,2,497.152,0.0,0.0,2.0,2,2018-03-11,2017-06-09,248.576,276,275,0.0,0
PB-18805,Patrick Bzostek,1,497.04400000000004,0.0,0.0,5.0,3,2018-05-12,2018-05-12,497.04400000000004,214,0,0.0,0
AF-10885,Art Foster,3,489.905,0.0,0.0,5.0,5,2017-10-11,2015-10-05,163.30166666666665,427,737,0.0,0
RF-19840,Roy Französisch,2,489.792,0.0,0.0,3.0,3,2017-12-12,2015-12-11,244.896,365,732,0.0,0
CK-12205,Chloris Kastensmidt,5,487.856,0.0,0.0,9.0,7,2018-12-05,2015-11-03,97.5712,7,1128,0.0,1
BK-11260,Berenike Kampe,3,485.13,0.0,0.0,10.0,8,2017-11-11,2015-03-08,161.71,396,979,0.0,1
PF-19165,Philip Fox,1,479.97,0.0,0.0,1.0,1,2017-09-11,2017-09-11,479.97,457,0,0.0,0
LC-17140,Logan Currie,4,478.65999999999997,0.0,0.0,10.0,7,2018-09-09,2015-09-09,119.66499999999999,94,1096,0.0,1
LE-16810,Laurel Elliston,2,474.66799999999995,0.0,0.0,2.0,2,2018-09-12,2016-12-06,237.33399999999997,91,645,0.0,0
CS-12130,Chad Sievert,1,472.044,0.0,0.0,3.0,2,2015-05-08,2015-05-08,472.044,1314,0,0.0,0
CA-12310,Christine Abelman,2,471.424,0.0,0.0,5.0,4,2018-09-12,2017-03-01,235.712,91,560,0.0,0
HE-14800,Harold Engle,1,469.65999999999997,0.0,0.0,5.0,3,2018-08-07,2018-08-07,469.65999999999997,127,0,0.0,0
DW-13585,Dorothy Wardle,3,469.63,0.0,0.0,5.0,5,2018-02-05,2017-07-08,156.54333333333332,310,212,0.0,0
BD-11500,Bradley Drucker,1,468.9,0.0,0.0,1.0,1,2015-01-02,2015-01-02,468.9,1440,0,0.0,0
RP-19270,Rachel Payne,1,467.6532,0.0,0.0,4.0,4,2016-06-08,2016-06-08,467.6532,917,0,0.0,0
JE-15745,Joel Eaton,3,461.55,0.0,0.0,4.0,4,2018-09-11,2017-01-12,153.85,92,607,0.0,0
SV-20935,Susan Vittorini,2,458.61,0.0,0.0,2.0,2,2018-05-11,2018-02-12,229.305,215,88,0.0,0
MF-18250,Monica Federle,2,458.36400000000003,0.0,0.0,5.0,4,2016-12-11,2016-09-08,229.18200000000002,731,94,0.0,0
DH-13675,Duane Huffman,1,457.74399999999997,0.0,0.0,6.0,6,2015-12-08,2015-12-08,457.74399999999997,1100,0,0.0,0
SM-20950,Suzanne McNair,3,455.736,0.0,0.0,5.0,3,2018-05-12,2015-01-11,151.912,214,1217,0.0,0
BB-10990,Barry Blumstein,3,453.26,0.0,0.0,5.0,4,2018-01-06,2016-02-11,151.08666666666667,340,695,0.0,0
EH-14005,Erica Hernandez,3,450.13800000000003,0.0,0.0,5.0,4,2018-04-06,2015-07-12,150.04600000000002,250,999,0.0,0
KC-16675,Kimberly Carter,1,446.99600000000004,0.0,0.0,2.0,2,2018-03-11,2018-03-11,446.99600000000004,276,0,0.0,0
TT-21220,Thomas Thornton,3,443.524,0.0,0.0,9.0,5,2017-04-11,2016-06-04,147.84133333333332,610,311,0.0,0
SW-20245,Scot Wooten,4,443.15,0.0,0.0,5.0,4,2018-10-10,2016-02-11,110.78750000000001,63,972,0.0,0
TB-21625,Trudy Brown,3,442.66999999999996,0.0,0.0,3.0,3,2017-11-09,2015-06-08,147.55666666666664,398,885,0.0,0
VG-21790,Vivek Gonzalez,3,441.804,0.0,0.0,3.0,3,2018-08-07,2015-08-08,147.268,127,1095,0.0,0
BT-11440,Bobby Trafton,1,440.04799999999994,0.0,0.0,4.0,3,2015-04-06,2015-04-06,440.04799999999994,1346,0,0.0,0
KE-16420,Katrina Edelman,4,439.64,0.0,0.0,6.0,5,2018-04-12,2015-04-07,109.91000000000001,244,1101,0.0,1
PS-18760,Pamela Stobb,1,435.84999999999997,0.0,0.0,4.0,4,2017-09-03,2017-09-03,435.84999999999997,465,0,0.0,0
PO-18850,Patrick O'Brill,5,434.46000000000004,0.0,0.0,8.0,7,2018-06-07,2015-02-11,86.89200000000001,188,1212,0.0,1
FA-14230,Frank Atkinson,3,433.924,0.0,0.0,7.0,5,2016-10-09,2016-02-07,144.64133333333334,794,245,0.0,0
DK-13150,David Kendrick,1,433.56,0.0,0.0,2.0,2,2015-05-12,2015-05-12,433.56,1310,0,0.0,0
DC-13285,Debra Catini,3,431.906,0.0,0.0,3.0,3,2018-07-12,2017-10-11,143.96866666666668,153,274,0.0,0
JM-15655,Jim Mitchum,2,424.021,0.0,0.0,4.0,4,2017-12-12,2015-08-04,212.01049999999998,365,861,0.0,0
CC-12670,Craig Carreira,3,416.27000000000004,0.0,0.0,5.0,4,2018-01-12,2016-12-09,138.75666666666666,334,399,0.0,0
CP-12085,Cathy Prescott,3,414.02,0.0,0.0,3.0,2,2018-09-10,2015-04-12,138.00666666666666,93,1247,0.0,0
NS-18505,Neola Schneider,1,413.784,0.0,0.0,4.0,3,2018-01-10,2018-01-10,413.784,336,0,0.0,0
AS-10630,Ann Steele,3,410.976,0.0,0.0,4.0,4,2016-03-09,2015-01-08,136.992,1008,426,0.0,0
TR-21325,Toby Ritter,3,410.59999999999997,0.0,0.0,4.0,3,2017-08-09,2015-01-12,136.86666666666665,490,940,0.0,0
AA-10375,Allen Armold,5,407.118,0.0,0.0,9.0,7,2018-11-12,2016-03-02,81.4236,30,985,0.0,1
LS-16945,Linda Southworth,2,406.17400000000004,0.0,0.0,6.0,4,2018-12-01,2018-05-07,203.087,11,208,0.0,0
BM-11575,Brendan Murry,1,405.91999999999996,0.0,0.0,2.0,2,2017-02-01,2017-02-01,405.91999999999996,679,0,0.0,0
BF-11275,Beth Fritzler,2,403.28599999999994,0.0,0.0,2.0,2,2018-10-07,2018-03-11,201.64299999999997,66,210,0.0,0
DP-13390,Dennis Pardue,5,401.694,0.0,0.0,8.0,5,2018-06-01,2015-05-07,80.3388,194,1121,0.0,1
BT-11395,Bill Tyler,1,399.672,0.0,0.0,1.0,1,2018-03-03,2018-03-03,399.672,284,0,0.0,0
SD-20485,Shirley Daniels,3,398.714,0.0,0.0,5.0,5,2015-12-09,2015-06-04,132.90466666666669,1099,188,0.0,0
RB-19570,Rob Beeghly,2,398.474,0.0,0.0,4.0,4,2018-05-12,2017-03-09,199.237,214,429,0.0,0
TP-21415,Tom Prescott,1,397.74399999999997,0.0,0.0,4.0,4,2018-09-02,2018-09-02,397.74399999999997,101,0,0.0,0
FG-14260,Frank Gastineau,2,392.188,0.0,0.0,3.0,3,2018-10-07,2018-02-10,196.094,66,239,0.0,0
NF-18595,Nicole Fjeld,4,389.33599999999996,0.0,0.0,8.0,4,2018-07-09,2015-09-09,97.334,156,1034,0.0,0
CV-12295,Christina VanderZanden,2,387.236,0.0,0.0,4.0,4,2017-04-09,2015-02-09,193.618,612,790,0.0,0
CM-12115,Chad McGuire,1,386.62,0.0,0.0,2.0,2,2018-02-10,2018-02-10,386.62,305,0,0.0,0
DB-13360,Dennis Bolton,1,386.14,0.0,0.0,2.0,2,2018-10-04,2018-10-04,386.14,69,0,0.0,0
AM-10705,Anne McFarland,1,383.84,0.0,0.0,1.0,1,2018-04-04,2018-04-04,383.84,252,0,0.0,0
HG-14845,Harry Greene,2,382.54799999999994,0.0,0.0,5.0,4,2018-09-10,2018-06-11,191.27399999999997,93,91,0.0,0
SC-20050,Sample Company A,2,378.894,0.0,0.0,3.0,2,2018-11-04,2018-03-09,189.447,38,240,0.0,0
JD-16060,Julia Dunbar,1,375.71,0.0,0.0,4.0,3,2018-05-03,2018-05-03,375.71,223,0,0.0,0
BW-11065,Barry Weirich,2,370.896,0.0,0.0,2.0,2,2018-01-06,2016-11-08,185.448,340,424,0.0,0
NG-18355,Nat Gilpin,1,370.782,0.0,0.0,1.0,1,2018-12-11,2018-12-11,370.782,1,0,0.0,0
IG-15085,Ivan Gibson,1,370.14,0.0,0.0,1.0,1,2016-09-04,2016-09-04,370.14,829,0,0.0,0
CC-12610,Corey Catlett,2,368.394,0.0,0.0,4.0,4,2017-10-10,2016-07-09,184.197,428,458,0.0,0
SN-20710,Steve Nguyen,2,368.324,0.0,0.0,3.0,3,2018-12-10,2015-06-05,184.162,2,1284,0.0,0
CC-12685,Craig Carroll,1,364.07,0.0,0.0,4.0,3,2016-09-01,2016-09-01,364.07,832,0,0.0,0
RC-19825,Roy Collins,3,363.524,0.0,0.0,3.0,3,2017-06-06,2015-05-12,121.17466666666667,554,756,0.0,0
RC-19960,Ryan Crowe,2,363.418,0.0,0.0,3.0,3,2018-11-09,2015-06-12,181.709,33,1246,0.0,0
MS-17830,Melanie Seite,3,359.836,0.0,0.0,4.0,4,2017-04-10,2015-09-01,119.94533333333334,611,587,0.0,0
PW-19240,Pierre Wener,1,359.499,0.0,0.0,1.0,1,2016-03-12,2016-03-12,359.499,1005,0,0.0,0
AG-10330,Alex Grayson,2,357.62,0.0,0.0,4.0,4,2018-10-12,2017-03-08,178.81,61,583,0.0,0
CK-12325,Christine Kargatis,3,356.548,0.0,0.0,6.0,5,2018-01-09,2015-02-06,118.84933333333332,337,1068,0.0,0
MG-17875,Michael Grace,2,354.664,0.0,0.0,2.0,2,2018-05-09,2017-08-09,177.332,217,273,0.0,0
SJ-20125,Sanjit Jacobs,5,353.038,0.0,0.0,8.0,5,2018-11-08,2017-08-03,70.6076,34,462,0.0,1
AP-10720,Anne Pryor,2,349.77,0.0,0.0,5.0,4,2017-08-09,2015-03-03,174.885,490,890,0.0,0
MP-18175,Mike Pelletier,4,344.16700000000003,0.0,0.0,6.0,4,2018-10-02,2016-06-12,86.04175000000001,71,842,0.0,0
PO-18865,Patrick O'Donnell,1,338.86,0.0,0.0,3.0,3,2018-05-08,2018-05-08,338.86,218,0,0.0,0
RF-19735,Roland Fjeld,2,338.56,0.0,0.0,5.0,4,2018-02-10,2015-06-08,169.28000000000003,305,978,0.0,0
MS-17530,MaryBeth Skach,2,337.29999999999995,0.0,0.0,2.0,2,2016-01-11,2015-04-11,168.64999999999998,1066,275,0.0,0
EC-14050,Erin Creighton,2,337.22999999999996,0.0,0.0,3.0,3,2018-07-11,2017-12-12,168.615,154,211,0.0,0
CR-12625,Corey Roper,1,334.68,0.0,0.0,2.0,2,2015-01-06,2015-01-06,334.68,1436,0,0.0,0
RM-19675,Robert Marley,1,334.43,0.0,0.0,2.0,2,2016-01-10,2016-01-10,334.43,1067,0,0.0,0
LT-16765,Larry Tron,3,329.876,0.0,0.0,3.0,3,2018-04-12,2015-01-09,109.95866666666666,244,1189,0.0,0
HP-14815,Harold Pawlan,2,325.39599999999996,0.0,0.0,2.0,2,2016-03-12,2015-06-05,162.69799999999998,1005,281,0.0,0
SF-20965,Sylvia Foulston,4,322.606,0.0,0.0,8.0,6,2018-12-11,2016-03-01,80.6515,1,1015,0.0,1
CD-11980,Carol Darley,1,318.96,0.0,0.0,1.0,1,2018-06-11,2018-06-11,318.96,184,0,0.0,0
DJ-13510,Don Jones,5,318.24199999999996,0.0,0.0,6.0,6,2018-12-11,2018-03-11,63.648399999999995,1,275,0.0,1
LH-17020,Lisa Hazard,4,318.239,0.0,0.0,6.0,5,2018-05-05,2015-08-09,79.55975000000001,221,1000,0.0,1
SW-20455,Shaun Weien,2,316.52,0.0,0.0,2.0,2,2016-11-12,2016-08-11,158.26,760,93,0.0,0
LD-17005,Lisa DeCherney,2,315.564,0.0,0.0,2.0,2,2017-11-11,2017-07-11,157.782,396,123,0.0,0
JG-15115,Jack Garza,2,312.322,0.0,0.0,5.0,5,2016-03-12,2015-08-10,156.161,1005,215,0.0,0
KM-16375,Katherine Murray,3,310.64,0.0,0.0,4.0,4,2018-04-11,2016-06-12,103.54666666666667,245,668,0.0,0
BD-11620,Brian DeCherney,2,309.408,0.0,0.0,3.0,3,2017-08-03,2017-01-10,154.704,496,205,0.0,0
MO-17800,Meg O'Connel,2,305.513,0.0,0.0,4.0,4,2018-09-06,2018-03-06,152.7565,97,184,0.0,0
AT-10735,Annie Thurman,4,304.628,0.0,0.0,5.0,4,2018-07-07,2015-03-11,76.157,158,1214,0.0,0
JS-16030,Joy Smith,1,303.372,0.0,0.0,2.0,2,2018-02-12,2018-02-12,303.372,303,0,0.0,0
MP-17965,Michael Paige,3,302.876,0.0,0.0,3.0,3,2018-07-07,2016-02-10,100.95866666666666,158,878,0.0,0
GH-14410,Gary Hansen,5,300.526,0.0,0.0,10.0,7,2018-06-06,2015-03-08,60.1052,189,1186,0.0,1
CY-12745,Craig Yedwab,2,297.672,0.0,0.0,2.0,1,2017-03-09,2015-12-12,148.836,643,453,0.0,0
CB-12415,Christy Brittain,4,297.45799999999997,0.0,0.0,8.0,6,2018-04-12,2016-05-11,74.36449999999999,244,701,0.0,1
SA-20830,Sue Ann Reed,2,291.246,0.0,0.0,4.0,4,2018-09-04,2018-03-04,145.623,99,184,0.0,0
EH-14125,Eugene Hildebrand,2,286.686,0.0,0.0,4.0,4,2017-08-04,2016-10-04,143.343,495,304,0.0,0
TT-21070,Ted Trevino,3,284.85400000000004,0.0,0.0,4.0,4,2017-11-05,2015-08-09,94.95133333333332,402,819,0.0,0
DO-13435,Denny Ordway,2,282.216,0.0,0.0,5.0,4,2018-02-06,2015-03-10,141.108,309,1064,0.0,0
AR-10345,Alex Russell,3,279.966,0.0,0.0,3.0,3,2018-10-09,2016-10-09,93.322,64,730,0.0,0
JD-16015,Joy Daniels,4,274.59,0.0,0.0,6.0,4,2018-11-07,2015-04-10,68.6475,35,1307,0.0,0
VS-21820,Vivek Sundaresam,2,274.38599999999997,0.0,0.0,5.0,4,2017-08-01,2015-07-01,137.19299999999998,498,762,0.0,0
JB-15925,Joni Blumstein,2,272.628,0.0,0.0,2.0,2,2016-12-12,2015-05-12,136.314,730,580,0.0,0
RW-19630,Rob Williams,3,272.298,0.0,0.0,6.0,6,2018-02-10,2017-05-03,90.766,305,283,0.0,0
LH-16750,Larry Hughes,1,271.96,0.0,0.0,1.0,1,2018-01-08,2018-01-08,271.96,338,0,0.0,0
TS-21610,Troy Staebel,3,269.86,0.0,0.0,4.0,3,2018-12-06,2017-09-09,89.95333333333333,6,453,0.0,0
AR-10405,Allen Rosenblatt,1,265.784,0.0,0.0,2.0,2,2015-03-10,2015-03-10,265.784,1373,0,0.0,0
SR-20425,Sharelle Roach,2,265.27200000000005,0.0,0.0,2.0,2,2018-08-11,2018-02-11,132.63600000000002,123,181,0.0,0
MF-17665,Maureen Fritzler,3,262.714,0.0,0.0,3.0,2,2017-09-01,2017-04-11,87.57133333333333,467,143,0.0,0
AS-10225,Alan Schoenberger,3,261.88,0.0,0.0,3.0,3,2018-08-12,2016-04-05,87.29333333333334,122,859,0.0,0
GB-14575,Giulietta Baptist,2,260.048,0.0,0.0,5.0,3,2017-08-03,2016-12-06,130.024,496,240,0.0,0
MH-17440,Mark Haberlin,2,258.748,0.0,0.0,2.0,2,2017-08-02,2015-04-02,129.374,497,853,0.0,0
BF-11080,Bart Folk,2,258.28,0.0,0.0,5.0,3,2018-12-09,2018-05-12,129.14000000000001,3,211,0.0,0
AH-10585,Angele Hood,2,255.22400000000002,0.0,0.0,2.0,2,2018-09-12,2018-06-07,127.61200000000001,91,97,0.0,0
BF-11005,Barry Franz,1,252.148,0.0,0.0,2.0,2,2017-05-05,2017-05-05,252.148,586,0,0.0,0
JF-15295,Jason Fortune-,1,250.416,0.0,0.0,3.0,3,2017-12-04,2017-12-04,250.416,373,0,0.0,0
BD-11320,Bill Donatelli,3,250.32600000000002,0.0,0.0,6.0,5,2018-12-04,2016-10-08,83.442,8,787,0.0,0
SC-20770,Stewart Carmichael,2,244.09799999999998,0.0,0.0,4.0,3,2018-02-03,2017-12-06,122.049,312,59,0.0,0
KW-16570,Kelly Williams,1,241.34,0.0,0.0,2.0,2,2016-07-08,2016-07-08,241.34,887,0,0.0,0
ES-14020,Erica Smith,1,239.97,0.0,0.0,1.0,1,2017-11-06,2017-11-06,239.97,401,0,0.0,0
TB-21055,Ted Butterfield,1,237.64,0.0,0.0,3.0,2,2018-02-09,2018-02-09,237.64,306,0,0.0,0
JH-15820,John Huston,2,236.42,0.0,0.0,2.0,2,2018-09-07,2016-03-09,118.21,96,912,0.0,0
JP-15460,Jennifer Patt,1,235.97,0.0,0.0,3.0,3,2016-02-10,2016-02-10,235.97,1036,0,0.0,0
BG-11035,Barry Gonzalez,4,230.44400000000002,0.0,0.0,4.0,3,2018-02-12,2015-05-11,57.611000000000004,303,1008,0.0,0
BF-10975,Barbara Fisher,3,226.174,0.0,0.0,7.0,6,2016-06-07,2015-01-08,75.39133333333334,918,516,0.0,0
PC-18745,Pamela Coakley,1,225.82799999999997,0.0,0.0,2.0,2,2017-10-11,2017-10-11,225.82799999999997,427,0,0.0,0
LO-17170,Lori Olson,2,222.95,0.0,0.0,3.0,3,2016-06-09,2016-06-02,111.475,916,7,0.0,0
RK-19300,Ralph Kennedy,2,221.862,0.0,0.0,2.0,2,2018-02-09,2016-12-10,110.931,306,426,0.0,0
PW-19030,Pauline Webber,3,220.48200000000003,0.0,0.0,3.0,3,2018-05-08,2016-03-02,73.494,218,797,0.0,0
PS-18970,Paul Stevenson,3,219.94799999999998,0.0,0.0,3.0,3,2018-04-10,2016-11-05,73.31599999999999,246,521,0.0,0
JC-16105,Julie Creighton,2,213.37400000000002,0.0,0.0,2.0,2,2018-03-11,2016-03-09,106.68700000000001,276,732,0.0,0
BT-11305,Beth Thompson,2,211.816,0.0,0.0,3.0,3,2016-06-09,2016-01-12,105.908,916,149,0.0,0
JG-15805,John Grady,2,209.168,0.0,0.0,3.0,1,2015-07-10,2015-05-04,104.584,1251,67,0.0,0
KA-16525,Kelly Andreada,2,208.78,0.0,0.0,3.0,3,2016-12-10,2015-11-03,104.38999999999999,732,403,0.0,0
CS-12505,Cindy Stewart,2,206.62,0.0,0.0,3.0,2,2018-02-11,2016-12-05,103.31,304,433,0.0,0
SC-20800,Stuart Calhoun,1,206.328,0.0,0.0,2.0,2,2016-11-12,2016-11-12,206.328,760,0,0.0,0
MC-17590,Matt Collister,2,204.03,0.0,0.0,3.0,3,2018-09-11,2017-12-09,102.015,92,276,0.0,0
BN-11470,Brad Norvell,2,203.10399999999998,0.0,0.0,4.0,4,2018-06-12,2015-12-09,101.552,183,916,0.0,0
RB-19795,Ross Baird,3,201.054,0.0,0.0,4.0,4,2018-05-10,2015-03-06,67.018,216,1161,0.0,0
DH-13075,Dave Hallsten,1,200.73600000000002,0.0,0.0,2.0,2,2016-01-03,2016-01-03,200.73600000000002,1074,0,0.0,0
AY-10555,Andy Yotov,1,199.99,0.0,0.0,4.0,2,2015-06-04,2015-06-04,199.99,1287,0,0.0,0
EB-13930,Eric Barreto,1,199.296,0.0,0.0,2.0,2,2015-02-02,2015-02-02,199.296,1409,0,0.0,0
SM-20005,Sally Matthias,2,195.192,0.0,0.0,4.0,3,2017-04-11,2015-10-12,97.596,610,547,0.0,0
DM-12955,Dario Medina,3,195.10399999999998,0.0,0.0,3.0,3,2018-07-09,2015-09-12,65.03466666666667,156,1031,0.0,0
JJ-15760,Joel Jenkins,2,195.0,0.0,0.0,3.0,3,2016-08-12,2016-05-10,97.5,852,94,0.0,0
CM-12190,Charlotte Melton,2,194.72400000000002,0.0,0.0,2.0,2,2018-03-08,2016-09-11,97.36200000000001,279,543,0.0,0
AM-10360,Alice McCarthy,2,194.25,0.0,0.0,6.0,4,2018-02-12,2015-06-10,97.125,303,978,0.0,0
MR-17545,Mathew Reese,3,190.35999999999999,0.0,0.0,3.0,3,2018-08-07,2015-03-09,63.453333333333326,127,1247,0.0,0
FH-14350,Fred Harton,1,189.918,0.0,0.0,3.0,3,2018-01-06,2018-01-06,189.918,340,0,0.0,0
DL-12865,Dan Lawera,1,187.056,0.0,0.0,1.0,1,2017-02-05,2017-02-05,187.056,675,0,0.0,0
SS-20590,Sonia Sunley,3,182.17000000000002,0.0,0.0,6.0,5,2017-09-05,2015-05-08,60.723333333333336,463,851,0.0,0
PN-18775,Parhena Norris,3,181.852,0.0,0.0,4.0,4,2018-09-11,2016-07-08,60.617333333333335,92,795,0.0,0
KC-16255,Karen Carlisle,2,181.63400000000001,0.0,0.0,3.0,2,2017-02-06,2015-08-09,90.81700000000001,674,547,0.0,0
ML-17410,Maris LaWare,1,175.324,0.0,0.0,2.0,2,2018-06-11,2018-06-11,175.324,184,0,0.0,0
HD-14785,Harold Dahlen,2,174.3,0.0,0.0,5.0,3,2016-07-06,2015-11-05,87.15,889,244,0.0,0
HG-15025,Hunter Glantz,2,171.784,0.0,0.0,3.0,2,2018-12-06,2017-01-10,85.892,6,695,0.0,0
EM-13810,Eleni McCrary,2,167.5,0.0,0.0,2.0,2,2017-04-03,2016-07-06,83.75,618,271,0.0,0
RD-19930,Russell D'Ascenzo,2,164.012,0.0,0.0,7.0,6,2018-10-04,2015-03-10,82.006,69,1304,0.0,0
RB-19435,Richard Bierner,3,161.022,0.0,0.0,4.0,4,2016-02-07,2015-10-10,53.674,1039,120,0.0,0
DN-13690,Duane Noonan,2,160.21,0.0,0.0,3.0,3,2015-12-10,2015-08-10,80.105,1098,122,0.0,0
DW-13540,Don Weiss,2,156.45600000000002,0.0,0.0,3.0,2,2018-06-03,2017-01-04,78.22800000000001,192,515,0.0,0
PJ-19015,Pauline Johnson,2,155.0,0.0,0.0,2.0,2,2017-08-09,2015-07-04,77.5,490,767,0.0,0
JM-15580,Jill Matthias,2,154.772,0.0,0.0,3.0,3,2017-12-05,2017-08-09,77.386,372,118,0.0,0
MO-17950,Michael Oakman,2,154.288,0.0,0.0,4.0,2,2018-03-07,2016-02-04,77.144,280,762,0.0,0
PR-18880,Patrick Ryan,2,153.872,0.0,0.0,3.0,1,2016-11-04,2015-05-09,76.936,768,545,0.0,0
JS-15940,Joni Sundaresam,2,153.728,0.0,0.0,3.0,2,2017-05-06,2015-03-05,76.864,585,793,0.0,0
JL-15175,James Lanier,2,153.184,0.0,0.0,3.0,3,2018-04-11,2016-05-01,76.59199999999998,245,710,0.0,0
MH-18025,Michelle Huthwaite,2,152.802,0.0,0.0,2.0,2,2018-11-11,2015-08-07,76.401,31,1192,0.0,0
MC-18100,Mick Crebagga,3,151.98000000000002,0.0,0.0,3.0,3,2018-02-09,2016-09-04,50.66,306,523,0.0,0
AH-10195,Alan Haines,2,148.97,0.0,0.0,3.0,3,2018-05-11,2016-05-03,74.485,215,738,0.0,0
KM-16660,Khloe Miller,2,148.952,0.0,0.0,4.0,4,2017-01-08,2016-10-12,74.476,703,88,0.0,0
MM-17260,Magdelene Morse,1,147.568,0.0,0.0,1.0,1,2018-11-02,2018-11-02,147.568,40,0,0.0,0
SC-20440,Shaun Chance,2,147.08,0.0,0.0,2.0,2,2016-04-09,2016-01-10,73.54,977,90,0.0,0
MG-17695,Maureen Gnade,1,145.504,0.0,0.0,2.0,2,2016-08-06,2016-08-06,145.504,858,0,0.0,0
VM-21835,Vivian Mathis,2,143.48999999999998,0.0,0.0,3.0,3,2018-04-09,2017-12-05,71.74499999999999,247,125,0.0,0
JW-16075,Julia West,2,141.792,0.0,0.0,3.0,3,2017-09-05,2016-10-12,70.896,463,328,0.0,0
SR-20740,Steven Roelle,4,139.086,0.0,0.0,4.0,3,2017-03-04,2015-05-11,34.7715,648,663,0.0,0
BP-11095,Bart Pistole,3,137.32999999999998,0.0,0.0,4.0,3,2015-09-10,2015-07-06,45.77666666666667,1189,66,0.0,0
KB-16600,Ken Brennan,3,133.596,0.0,0.0,5.0,5,2018-09-12,2016-09-12,44.532000000000004,91,730,0.0,0
JR-16210,Justin Ritter,2,130.73399999999998,0.0,0.0,3.0,2,2017-10-04,2017-09-02,65.367,434,32,0.0,0
MS-17710,Maurice Satty,2,127.452,0.0,0.0,5.0,4,2017-12-11,2015-04-04,63.726,366,982,0.0,0
BG-11695,Brooke Gillingham,2,126.078,0.0,0.0,4.0,4,2016-05-01,2015-11-05,63.039,955,178,0.0,0
SV-20815,Stuart Van,1,125.93,0.0,0.0,1.0,1,2016-04-05,2016-04-05,125.93,981,0,0.0,0
AG-10765,Anthony Garverick,2,123.83999999999999,0.0,0.0,2.0,1,2016-09-11,2016-09-06,61.919999999999995,822,5,0.0,0
TC-21535,Tracy Collins,3,122.47999999999999,0.0,0.0,4.0,3,2018-07-12,2015-03-11,40.82666666666666,153,1219,0.0,0
AB-10255,Alejandro Ballentine,3,121.582,0.0,0.0,5.0,4,2018-02-06,2016-03-12,40.52733333333333,309,696,0.0,0
KH-16330,Katharine Harms,2,118.44799999999998,0.0,0.0,3.0,2,2015-05-05,2015-01-04,59.22399999999999,1317,121,0.0,0
JF-15355,Jay Fein,2,118.17,0.0,0.0,4.0,3,2018-04-02,2017-01-07,59.085,254,450,0.0,0
JW-15955,Joni Wasserman,1,116.47999999999999,0.0,0.0,2.0,1,2018-07-08,2018-07-08,116.47999999999999,157,0,0.0,0
TB-21355,Todd Boyes,1,115.296,0.0,0.0,1.0,1,2018-06-08,2018-06-08,115.296,187,0,0.0,0
BN-11515,Bradley Nguyen,1,114.9,0.0,0.0,1.0,1,2018-01-09,2018-01-09,114.9,337,0,0.0,0
MD-17860,Michael Dominguez,1,114.78399999999999,0.0,0.0,3.0,2,2015-02-12,2015-02-12,114.78399999999999,1399,0,0.0,0
DE-13255,Deanra Eno,2,114.49199999999999,0.0,0.0,4.0,3,2017-11-01,2015-05-11,57.245999999999995,406,905,0.0,0
PA-19060,Pete Armstrong,1,112.03999999999999,0.0,0.0,2.0,2,2016-02-03,2016-02-03,112.03999999999999,1043,0,0.0,0
CM-11815,Candace McMahon,1,111.96,0.0,0.0,1.0,1,2018-10-03,2018-10-03,111.96,70,0,0.0,0
DF-13135,David Flashing,1,110.098,0.0,0.0,2.0,2,2015-04-10,2015-04-10,110.098,1342,0,0.0,0
DD-13570,Dorothy Dickinson,1,109.62,0.0,0.0,3.0,2,2018-02-05,2018-02-05,109.62,310,0,0.0,0
CC-12145,Charles Crestani,3,109.596,0.0,0.0,3.0,3,2017-08-08,2016-07-09,36.532000000000004,491,395,0.0,0
KH-16690,Kristen Hastings,2,108.72,0.0,0.0,2.0,2,2017-12-07,2016-07-12,54.36,370,513,0.0,0
KD-16615,Ken Dana,1,107.648,0.0,0.0,1.0,1,2018-02-03,2018-02-03,107.648,312,0,0.0,0
SP-20860,Sung Pak,3,107.554,0.0,0.0,5.0,5,2018-12-10,2016-05-09,35.851333333333336,2,945,0.0,0
DP-13000,Darren Powers,2,106.01599999999999,0.0,0.0,2.0,1,2018-04-03,2015-03-01,53.007999999999996,253,1129,0.0,0
MH-17785,Maya Herman,1,104.696,0.0,0.0,1.0,1,2017-10-03,2017-10-03,104.696,435,0,0.0,0
NK-18490,Neil Knudson,1,102.83,0.0,0.0,2.0,2,2018-12-10,2018-12-10,102.83,2,0,0.0,0
GA-14515,George Ashbrook,1,99.87,0.0,0.0,1.0,1,2018-03-08,2018-03-08,99.87,279,0,0.0,0
PT-19090,Pete Takahito,2,98.636,0.0,0.0,2.0,2,2017-05-09,2015-12-09,49.318,582,517,0.0,0
RM-19750,Roland Murray,1,98.35,0.0,0.0,2.0,2,2018-06-03,2018-06-03,98.35,192,0,0.0,0
CG-12040,Catherine Glotzbach,3,97.56,0.0,0.0,3.0,3,2018-11-11,2016-01-06,32.52,31,1040,0.0,0
TB-21280,Toby Braunhardt,1,95.968,0.0,0.0,1.0,1,2015-01-12,2015-01-12,95.968,1430,0,0.0,0
SW-20755,Steven Ward,1,94.732,0.0,0.0,2.0,2,2015-02-11,2015-02-11,94.732,1400,0,0.0,0
MH-18115,Mick Hernandez,1,91.726,0.0,0.0,4.0,3,2018-10-03,2018-10-03,91.726,70,0,0.0,0
SB-20185,Sarah Brown,1,91.416,0.0,0.0,2.0,2,2018-12-06,2018-12-06,91.416,6,0,0.0,0
JH-15910,Jonathan Howell,3,90.738,0.0,0.0,3.0,3,2018-12-05,2016-12-06,30.246,7,729,0.0,0
AG-10300,Aleksandra Gannaway,2,87.89999999999999,0.0,0.0,2.0,2,2018-03-09,2017-05-12,43.949999999999996,278,301,0.0,0
DA-13450,Dianna Arnett,2,87.4,0.0,0.0,3.0,3,2018-12-01,2015-10-09,43.699999999999996,11,1149,0.0,0
AB-10165,Alan Barnes,2,86.48,0.0,0.0,3.0,2,2018-05-12,2016-10-05,43.24,214,584,0.0,0
JB-16000,Joy Bell-,4,85.386,0.0,0.0,4.0,4,2018-09-09,2017-10-01,21.3465,94,343,0.0,0
CC-12100,Chad Cunningham,1,85.209,0.0,0.0,4.0,3,2017-07-07,2017-07-07,85.209,523,0,0.0,0
EH-13945,Eric Hoffmann,2,82.926,0.0,0.0,3.0,3,2016-10-07,2015-02-07,41.463,796,608,0.0,0
JL-15130,Jack Lebron,2,78.64,0.0,0.0,4.0,4,2018-11-04,2015-01-09,39.32000000000001,38,1395,0.0,0
MH-17620,Matt Hagelstein,2,75.42,0.0,0.0,2.0,2,2017-03-09,2016-05-12,37.71,643,301,0.0,0
TD-20995,Tamara Dahlen,3,74.93599999999999,0.0,0.0,6.0,4,2018-11-11,2018-08-07,24.978666666666665,31,96,0.0,0
MW-18220,Mitch Webber,1,73.776,0.0,0.0,2.0,2,2016-05-07,2016-05-07,73.776,949,0,0.0,0
HL-15040,Hunter Lopez,3,73.018,0.0,0.0,3.0,3,2018-03-10,2015-12-05,24.339333333333332,277,826,0.0,0
KD-16345,Katherine Ducich,1,72.69,0.0,0.0,2.0,2,2015-02-09,2015-02-09,72.69,1402,0,0.0,0
PB-19210,Phillip Breyer,1,69.93,0.0,0.0,1.0,1,2017-11-02,2017-11-02,69.93,405,0,0.0,0
BS-11365,Bill Shonely,1,69.86,0.0,0.0,2.0,2,2015-04-05,2015-04-05,69.86,1347,0,0.0,0
SL-20155,Sara Luxemburg,1,67.75999999999999,0.0,0.0,2.0,2,2015-03-10,2015-03-10,67.75999999999999,1373,0,0.0,0
MG-17890,Michael Granlund,2,66.07,0.0,0.0,2.0,2,2018-07-03,2017-04-03,33.035,162,456,0.0,0
CC-12550,Clay Cheatham,2,65.856,0.0,0.0,3.0,2,2018-03-12,2018-01-12,32.928,275,59,0.0,0
PL-18925,Paul Lucas,1,65.8,0.0,0.0,2.0,2,2015-01-11,2015-01-11,65.8,1431,0,0.0,0
BP-11050,Barry Pond,2,65.0,0.0,0.0,2.0,2,2018-08-10,2015-12-10,32.5,124,974,0.0,0
NC-18415,Nathan Cano,2,64.03200000000001,0.0,0.0,3.0,2,2016-09-06,2015-03-05,32.016000000000005,827,551,0.0,0
KS-16300,Karen Seio,1,61.876,0.0,0.0,2.0,2,2018-10-03,2018-10-03,61.876,70,0,0.0,0
JJ-15445,Jennifer Jackson,2,61.604,0.0,0.0,2.0,2,2017-03-09,2016-05-03,30.802,643,310,0.0,0
TT-21265,Tim Taslimi,1,61.44,0.0,0.0,1.0,1,2017-02-10,2017-02-10,61.44,670,0,0.0,0
TS-21160,Theresa Swint,1,60.63,0.0,0.0,2.0,2,2017-03-03,2017-03-03,60.63,649,0,0.0,0
SS-20140,Saphhira Shifley,1,60.622,0.0,0.0,3.0,3,2018-03-06,2018-03-06,60.622,281,0,0.0,0
FW-14395,Fred Wasserman,2,60.19,0.0,0.0,2.0,2,2018-02-01,2017-05-09,30.095,314,268,0.0,0
ST-20530,Shui Tom,1,58.72,0.0,0.0,1.0,1,2016-01-03,2016-01-03,58.72,1074,0,0.0,0
JC-15340,Jasper Cacioppo,2,57.495,0.0,0.0,2.0,2,2018-07-09,2017-05-09,28.7475,156,426,0.0,0
CL-11890,Carl Ludwig,2,56.77199999999999,0.0,0.0,2.0,2,2018-10-06,2017-01-12,28.385999999999996,67,632,0.0,0
TH-21550,Tracy Hopkins,1,55.48,0.0,0.0,1.0,1,2015-05-04,2015-05-04,55.48,1318,0,0.0,0
MM-18280,Muhammed MacIntyre,2,55.120000000000005,0.0,0.0,2.0,2,2018-10-06,2018-06-10,27.560000000000002,67,118,0.0,0
AJ-10780,Anthony Jacobs,1,54.83,0.0,0.0,2.0,2,2015-10-01,2015-10-01,54.83,1168,0,0.0,0
GM-14500,Gene McClure,3,54.652,0.0,0.0,3.0,3,2017-10-05,2015-09-08,18.217333333333332,433,758,0.0,0
LM-17065,Liz MacKendrick,2,53.868,0.0,0.0,2.0,2,2017-06-08,2017-04-12,26.934,552,57,0.0,0
MT-17815,Meg Tillman,3,52.721,0.0,0.0,4.0,4,2018-11-11,2016-06-11,17.573666666666664,31,883,0.0,0
KN-16705,Kristina Nunn,2,51.519999999999996,0.0,0.0,3.0,3,2018-11-06,2015-02-03,25.759999999999998,36,1372,0.0,0
SC-20575,Sonia Cooley,1,50.461999999999996,0.0,0.0,3.0,2,2016-09-10,2016-09-10,50.461999999999996,823,0,0.0,0
PJ-18835,Patrick Jones,3,50.0,0.0,0.0,3.0,1,2018-03-11,2017-03-11,16.666666666666668,276,365,0.0,0
MK-17905,Michael Kennedy,1,47.96,0.0,0.0,1.0,1,2018-02-12,2018-02-12,47.96,303,0,0.0,0
MC-18130,Mike Caudle,2,46.44,0.0,0.0,3.0,2,2017-12-03,2016-07-11,23.22,374,510,0.0,0
GP-14740,Guy Phonely,1,44.91,0.0,0.0,1.0,1,2015-06-04,2015-06-04,44.91,1287,0,0.0,0
JC-15775,John Castell,1,42.93,0.0,0.0,1.0,1,2018-01-04,2018-01-04,42.93,342,0,0.0,0
SS-20875,Sung Shariari,1,42.91,0.0,0.0,2.0,2,2018-01-09,2018-01-09,42.91,337,0,0.0,0
TB-21190,Thomas Brumley,2,42.72,0.0,0.0,2.0,2,2018-11-11,2018-10-11,21.36,31,31,0.0,0
DL-13330,Denise Leinenbach,1,41.37,0.0,0.0,1.0,1,2018-03-11,2018-03-11,41.37,276,0,0.0,0
PB-19105,Peter Bühler,1,40.776,0.0,0.0,1.0,1,2018-03-11,2018-03-11,40.776,276,0,0.0,0
AG-10390,Allen Goldenen,3,38.864000000000004,0.0,0.0,3.0,3,2018-07-09,2015-03-09,12.954666666666668,156,1218,0.0,0
AF-10870,Art Ferguson,2,37.163999999999994,0.0,0.0,3.0,3,2017-06-05,2016-06-12,18.582,555,358,0.0,0
JK-15205,Jamie Kunitz,1,36.364,0.0,0.0,2.0,2,2017-01-10,2017-01-10,36.364,701,0,0.0,0
KH-16360,Katherine Hughes,2,33.172000000000004,0.0,0.0,2.0,2,2018-03-04,2017-02-07,16.586000000000002,283,390,0.0,0
CM-12445,Chuck Magee,1,30.46,0.0,0.0,2.0,2,2015-09-06,2015-09-06,30.46,1193,0,0.0,0
BE-11410,Bobby Elias,1,30.352,0.0,0.0,1.0,1,2017-07-02,2017-07-02,30.352,528,0,0.0,0
EM-14065,Erin Mull,1,30.336,0.0,0.0,1.0,1,2018-04-06,2018-04-06,30.336,250,0,0.0,0
BT-11485,Brad Thomas,1,30.336,0.0,0.0,1.0,1,2017-11-03,2017-11-03,30.336,404,0,0.0,0
TH-21100,Thea Hendricks,1,27.86,0.0,0.0,1.0,1,2017-09-05,2017-09-05,27.86,463,0,0.0,0
EB-14170,Evan Bailliet,3,27.696,0.0,0.0,3.0,2,2018-09-10,2016-12-03,9.232,93,646,0.0,0
AA-10480,Andrew Allen,1,27.46,0.0,0.0,1.0,1,2015-04-05,2015-04-05,27.46,1347,0,0.0,0
LC-16885,Lena Creighton,2,27.42,0.0,0.0,2.0,2,2018-12-06,2016-11-12,13.71,6,754,0.0,0
RE-19450,Richard Eichhorn,1,26.88,0.0,0.0,1.0,1,2018-03-03,2018-03-03,26.88,284,0,0.0,0
SG-20470,Sheri Gordon,1,26.82,0.0,0.0,2.0,2,2016-02-10,2016-02-10,26.82,1036,0,0.0,0
LB-16735,Larry Blacks,1,26.72,0.0,0.0,1.0,1,2018-12-11,2018-12-11,26.72,1,0,0.0,0
AR-10510,Andrew Roberts,1,26.136,0.0,0.0,1.0,1,2015-02-05,2015-02-05,26.136,1406,0,0.0,0
MC-17635,Matthew Clasen,1,25.92,0.0,0.0,1.0,1,2015-03-12,2015-03-12,25.92,1371,0,0.0,0
RA-19945,Ryan Akin,1,25.488,0.0,0.0,1.0,1,2016-10-12,2016-10-12,25.488,791,0,0.0,0
PB-19150,Philip Brown,1,23.472,0.0,0.0,1.0,1,2015-12-12,2015-12-12,23.472,1096,0,0.0,0
CR-12730,Craig Reiter,1,23.12,0.0,0.0,1.0,1,2017-12-06,2017-12-06,23.12,371,0,0.0,0
RS-19870,Roy Skaria,2,22.328,0.0,0.0,3.0,3,2018-11-12,2017-07-06,11.164,30,494,0.0,0
RF-19345,Randy Ferguson,2,22.032,0.0,0.0,2.0,1,2017-05-12,2017-04-03,11.016,579,39,0.0,0
RH-19495,Rick Hansen,1,20.736,0.0,0.0,1.0,1,2018-12-08,2018-12-08,20.736,4,0,0.0,0
SG-20890,Susan Gilcrest,1,19.648,0.0,0.0,1.0,1,2017-01-08,2017-01-08,19.648,703,0,0.0,0
LS-17230,Lycoris Saunders,1,19.44,0.0,0.0,1.0,1,2015-06-01,2015-06-01,19.44,1290,0,0.0,0
VP-21730,Victor Preis,1,19.0,0.0,0.0,1.0,1,2016-05-07,2016-05-07,19.0,949,0,0.0,0
GT-14755,Guy Thornton,1,16.92,0.0,0.0,2.0,2,2017-03-07,2017-03-07,16.92,645,0,0.0,0
MG-18205,Mitch Gastineau,1,16.739,0.0,0.0,2.0,2,2018-10-04,2018-10-04,16.739,69,0,0.0,0
LL-16840,Lauren Leatherbury,1,16.64,0.0,0.0,2.0,2,2016-04-06,2016-04-06,16.64,980,0,0.0,0
GZ-14545,George Zrebassa,1,14.7,0.0,0.0,1.0,1,2018-10-06,2018-10-06,14.7,67,0,0.0,0
TB-21520,Tracy Blumstein,1,14.368,0.0,0.0,1.0,1,2017-04-02,2017-04-02,14.368,619,0,0.0,0
SC-20845,Sung Chung,1,14.112,0.0,0.0,1.0,1,2017-11-11,2017-11-11,14.112,396,0,0.0,0
CD-12790,Cynthia Delaney,1,12.35,0.0,0.0,1.0,1,2015-02-02,2015-02-02,12.35,1409,0,0.0,0
VG-21805,Vivek Grady,1,10.96,0.0,0.0,1.0,1,2017-12-05,2017-12-05,10.96,372,0,0.0,0
DB-13660,Duane Benoit,1,10.476,0.0,0.0,1.0,1,2016-08-11,2016-08-11,10.476,853,0,0.0,0
JW-15220,Jane Waco,1,10.16,0.0,0.0,1.0,1,2018-02-10,2018-02-10,10.16,305,0,0.0,0
GK-14620,Grace Kelly,1,9.856,0.0,0.0,1.0,1,2018-09-09,2018-09-09,9.856,94,0,0.0,0
TS-21340,Toby Swindell,2,9.72,0.0,0.0,2.0,1,2016-10-03,2015-08-09,4.86,800,421,0.0,0
JM-15535,Jessica Myrick,1,8.36,0.0,0.0,1.0,1,2018-12-09,2018-12-09,8.36,3,0,0.0,0
RH-19555,Ritsa Hightower,1,8.226,0.0,0.0,1.0,1,2016-04-12,2016-04-12,8.226,974,0,0.0,0
AS-10240,Alan Shonely,1,7.64,0.0,0.0,1.0,1,2015-11-10,2015-11-10,7.64,1128,0,0.0,0
BO-11425,Bobby Odegard,1,6.08,0.0,0.0,1.0,1,2016-10-09,2016-10-09,6.08,794,0,0.0,0
RB-19705,Roger Barcio,1,5.682,0.0,0.0,1.0,1,2018-06-11,2018-06-11,5.682,184,0,0.0,0
CM-12160,Charles McCrossin,1,5.346,0.0,0.0,1.0,1,2018-04-12,2018-04-12,5.346,244,0,0.0,0
NF-18475,Neil Französisch,1,4.71,0.0,0.0,1.0,1,2015-01-10,2015-01-10,4.71,1432,0,0.0,0
DW-13195,David Wiener,1,4.368,0.0,0.0,1.0,1,2015-05-07,2015-05-07,4.368,1315,0,0.0,0
TS-21085,Thais Sissman,1,2.808,0.0,0.0,1.0,1,2018-07-01,2018-07-01,2.808,164,0,0.0,0
KW-16435,Katrina Willman,1,2.772,0.0,0.0,1.0,1,2016-06-12,2016-06-12,2.772,913,0,0.0,0
JO-15550,Jesus Ocampo,1,2.48,0.0,0.0,1.0,1,2016-09-11,2016-09-11,2.48,822,0,0.0,0
